,Date,Adj Close,daily_return
0,2017-01-03,93.52999877929688,
1,2017-01-04,93.52999877929688,0.0
2,2017-01-05,92.58999633789062,-0.010050277490373682
3,2017-01-06,91.76000213623048,-0.008964188729754685
4,2017-01-09,89.94999694824219,-0.01972542661127108
5,2017-01-10,91.58999633789062,0.018232345139401307
6,2017-01-11,92.41000366210938,0.00895302278639254
7,2017-01-12,90.2300033569336,-0.023590522873982334
8,2017-01-13,91.43000030517578,0.01329931179870636
9,2017-01-17,89.70999908447266,-0.018812219347720593
10,2017-01-18,91.9800033569336,0.025303804432362798
11,2017-01-19,93.26000213623048,0.013916054931307098
12,2017-01-20,90.73999786376952,-0.02702127616059713
13,2017-01-23,88.94000244140625,-0.019836846646896
14,2017-01-24,91.6500015258789,0.030469968631471556
15,2017-01-25,94.55999755859376,0.0317511836799389
16,2017-01-26,93.20999908447266,-0.014276633978174358
17,2017-01-27,93.81999969482422,0.006544368805311729
18,2017-01-30,92.83000183105467,-0.010552098347791361
19,2017-01-31,92.62999725341795,-0.0021545251932744147
20,2017-02-01,93.19000244140624,0.006045613781637149
21,2017-02-02,91.9000015258789,-0.013842696445237501
22,2017-02-03,94.0,0.02285090793529254
23,2017-02-06,93.29000091552734,-0.0075531817497090925
24,2017-02-07,92.04000091552734,-0.01339907801192819
25,2017-02-08,92.33000183105467,0.0031508139139795333
26,2017-02-09,95.16999816894533,0.030759192912042543
27,2017-02-10,96.41000366210938,0.01302937393108694
28,2017-02-13,96.37000274658205,-0.00041490420089107527
29,2017-02-14,95.25,-0.011621902196342626
30,2017-02-15,95.2300033569336,-0.0002099385098834894
31,2017-02-16,94.38999938964844,-0.008820791112825188
32,2017-02-17,94.0,-0.0041317871826493935
33,2017-02-21,94.30999755859376,0.0032978463680186643
34,2017-02-22,93.80999755859376,-0.005301664859967303
35,2017-02-23,93.16000366210938,-0.0069288339558734036
36,2017-02-24,94.3499984741211,0.012773666436594722
37,2017-02-27,95.12000274658205,0.008161147693840798
38,2017-02-28,93.3000030517578,-0.01913372205920849
39,2017-03-01,95.12000274658205,0.019506962864884514
40,2017-03-02,92.94000244140624,-0.022918421385917598
41,2017-03-03,92.97000122070312,0.0003227757532695552
42,2017-03-06,92.55999755859376,-0.0044100640714852535
43,2017-03-07,91.91999816894533,-0.006914427468986184
44,2017-03-08,90.63999938964844,-0.013925139303683443
45,2017-03-09,89.51000213623047,-0.01246687181186168
46,2017-03-10,91.01000213623048,0.01675790374484709
47,2017-03-13,90.83999633789062,-0.0018679902686452587
48,2017-03-14,89.47000122070312,-0.015081408767253057
49,2017-03-15,91.25,0.01989492293518591
50,2017-03-16,91.13999938964844,-0.0012054861408390405
51,2017-03-17,92.5500030517578,0.01547074469554488
52,2017-03-20,92.75,0.0021609610118582534
53,2017-03-21,90.97000122070312,-0.019191361501853077
54,2017-03-22,91.16000366210938,0.002088627447033753
55,2017-03-23,92.45999908447266,0.014260589843565707
56,2017-03-24,92.1500015258789,-0.0033527748395338897
57,2017-03-27,91.93000030517578,-0.0023874250359219307
58,2017-03-28,93.22000122070312,0.014032425881050692
59,2017-03-29,94.43000030517578,0.01298003720905272
60,2017-03-30,96.01000213623048,0.016731990108530104
61,2017-03-31,97.08999633789062,0.01124876760368898
62,2017-04-03,96.29000091552734,-0.008239730688413549
63,2017-04-04,96.0199966430664,-0.0028040738383396935
64,2017-04-05,92.97000122070312,-0.03176416922509362
65,2017-04-06,94.27999877929688,0.014090540404360308
66,2017-04-07,94.47000122070312,0.002015299574314122
67,2017-04-10,95.05999755859376,0.006245330054694076
68,2017-04-11,96.08999633789062,0.010835249376710543
69,2017-04-12,93.41000366210938,-0.027890444145271198
70,2017-04-13,91.68000030517578,-0.01852053622855543
71,2017-04-17,92.4800033569336,0.008726036748416544
72,2017-04-18,92.25,-0.0024870604301978627
73,2017-04-19,92.08999633789062,-0.0017344570418360572
74,2017-04-20,94.36000061035156,0.024649846484215088
75,2017-04-21,95.0,0.006782528460244963
76,2017-04-24,97.1500015258789,0.022631595009251715
77,2017-04-25,99.16999816894533,0.02079255389953172
78,2017-04-26,100.91999816894533,0.01764646599084041
79,2017-04-27,101.47000122070312,0.005449891614514923
80,2017-04-28,100.3000030517578,-0.011530483442101391
81,2017-05-01,100.5,0.0019939874591927698
82,2017-05-02,100.58000183105467,0.0007960381199469957
83,2017-05-03,99.7300033569336,-0.008450968966463468
84,2017-05-04,100.97000122070312,0.012433548802075034
85,2017-05-05,102.1999969482422,0.012181793727530144
86,2017-05-08,101.75,-0.004403101386295516
87,2017-05-09,102.47000122070312,0.007076179073249422
88,2017-05-10,101.4800033569336,-0.009661343339278816
89,2017-05-11,100.88999938964844,-0.005813992390303224
90,2017-05-12,99.05999755859376,-0.01813858501462573
91,2017-05-15,100.45999908447266,0.014132864530415512
92,2017-05-16,100.51000213623048,0.0004977409139310662
93,2017-05-17,98.37000274658205,-0.021291407264601325
94,2017-05-18,98.63999938964844,0.0027447050475535306
95,2017-05-19,99.54000091552734,0.009124103116867621
96,2017-05-22,100.52999877929688,0.009945728899577455
97,2017-05-23,101.0199966430664,0.004874145724852452
98,2017-05-24,100.68000030517578,-0.003365634024835029
99,2017-05-25,99.66999816894533,-0.01003180505730028
100,2017-05-26,99.5999984741211,-0.0007023145992797186
101,2017-05-30,99.4499969482422,-0.001506039439527318
102,2017-05-31,101.31999969482422,0.018803446998145734
103,2017-06-01,105.45999908447266,0.04086063365690995
104,2017-06-02,106.25,0.007491000591556496
105,2017-06-05,104.48999786376952,-0.016564725988051587
106,2017-06-06,105.0999984741211,0.005837885183487934
107,2017-06-07,104.45999908447266,-0.00608943291094366
108,2017-06-08,105.1999969482422,0.007084030923369511
109,2017-06-09,106.6500015258789,0.013783313875475711
110,2017-06-12,105.51000213623048,-0.010689164306967203
111,2017-06-13,104.25,-0.01194201602425915
112,2017-06-14,101.8499984741211,-0.023021597370541103
113,2017-06-15,103.69000244140624,0.01806582223712705
114,2017-06-16,104.81999969482422,0.010897841901937655
115,2017-06-19,105.43000030517578,0.005819505935198865
116,2017-06-20,104.51000213623048,-0.0087261516293492
117,2017-06-21,100.69000244140624,-0.03655152250255256
118,2017-06-22,100.47000122070312,-0.0021849360946349927
119,2017-06-23,101.54000091552734,0.010649942090413145
120,2017-06-26,101.95999908447266,0.004136282895001342
121,2017-06-27,99.63999938964844,-0.022754018395999887
122,2017-06-28,101.7699966430664,0.021376929611254702
123,2017-06-29,99.98999786376952,-0.017490408155753423
124,2017-06-30,101.76000213623048,0.017701813284089596
125,2017-07-03,102.9000015258789,0.011202823955548391
126,2017-07-05,102.5999984741211,-0.002915481509321083
127,2017-07-06,101.54000091552734,-0.010331360373861176
128,2017-07-07,102.27999877929688,0.007287747263121869
129,2017-07-10,101.61000061035156,-0.006550627463254632
130,2017-07-11,102.45999908447266,0.008365303306911986
131,2017-07-12,102.66999816894533,0.0020495714068817783
132,2017-07-13,103.72000122070312,0.01022697059008415
133,2017-07-14,104.4000015258789,0.0065561154760191975
134,2017-07-17,105.02999877929688,0.00603445636216593
135,2017-07-18,104.86000061035156,-0.0016185677513196328
136,2017-07-19,106.01000213623048,0.010967018111626814
137,2017-07-20,105.44000244140624,-0.00537684825335405
138,2017-07-21,103.86000061035156,-0.014984842512050345
139,2017-07-24,103.41999816894533,-0.004236495655887573
140,2017-07-25,105.12000274658205,0.01643787089281923
141,2017-07-26,102.2699966430664,-0.027111929500099885
142,2017-07-27,102.36000061035156,0.0008800622884468368
143,2017-07-28,102.63999938964844,0.0027354315907317517
144,2017-07-31,103.33999633789062,0.006819923542524808
145,2017-08-01,103.8499984741211,0.004935186319950269
146,2017-08-02,102.97000122070312,-0.008473733908019865
147,2017-08-03,102.8000030517578,-0.0016509484988832535
148,2017-08-04,103.6500015258789,0.008268467401631785
149,2017-08-07,103.02999877929688,-0.005981695489191363
150,2017-08-08,106.58999633789062,0.03455301951638101
151,2017-08-09,107.5500030517578,0.009006536699972756
152,2017-08-10,105.3000030517578,-0.020920501498425836
153,2017-08-11,104.4800033569336,-0.0077872713300981555
154,2017-08-14,107.62999725341795,0.030149251486172757
155,2017-08-15,105.3499984741211,-0.021183674045150647
156,2017-08-16,106.41000366210938,0.010061748489238687
157,2017-08-17,105.47000122070312,-0.008833778865294462
158,2017-08-18,106.0,0.005025113996043551
159,2017-08-21,106.58000183105467,0.005471715387308285
160,2017-08-22,108.37000274658205,0.01679490415439089
161,2017-08-23,107.81999969482422,-0.005075233347035968
162,2017-08-24,106.9800033569336,-0.007790728438769823
163,2017-08-25,107.68000030517578,0.006543250385837807
164,2017-08-28,107.66000366210938,-0.00018570433701459166
165,2017-08-29,108.5999984741211,0.008731142300179462
166,2017-08-30,109.33000183105467,0.00672194629088807
167,2017-08-31,110.2699966430664,0.008597775507808825
168,2017-09-01,111.16999816894533,0.008161798796386455
169,2017-09-05,109.68000030517578,-0.01340287746973956
170,2017-09-06,109.56999969482422,-0.0010029231404585781
171,2017-09-07,108.0,-0.01432873687320435
172,2017-09-08,109.2300033569336,0.011388919971607292
173,2017-09-11,110.3499984741211,0.010253548317925576
174,2017-09-12,112.91000366210938,0.023198959885700754
175,2017-09-13,114.58000183105467,0.014790524442306108
176,2017-09-14,115.11000061035156,0.004625578380408557
177,2017-09-15,116.7300033569336,0.01407351870378104
178,2017-09-18,117.3499984741211,0.00531136039884883
179,2017-09-19,119.68000030517578,0.019855150075426042
180,2017-09-20,119.16000366210938,-0.0043448917257724595
181,2017-09-21,120.1999969482422,0.00872770438209991
182,2017-09-22,120.2300033569336,0.00024963734986038766
183,2017-09-25,121.2699966430664,0.008650031249232581
184,2017-09-26,121.4000015258789,0.0010720284193224128
185,2017-09-27,124.73999786376952,0.02751232533698622
186,2017-09-28,124.48999786376952,-0.0020041687051576274
187,2017-09-29,125.1500015258789,0.005301660160936361
188,2017-10-02,125.12000274658205,-0.0002397025883428272
189,2017-10-03,125.81999969482422,0.005594604642552126
190,2017-10-04,125.69000244140624,-0.0010332002363161452
191,2017-10-05,125.62000274658205,-0.000556923330929382
192,2017-10-06,125.58000183105467,-0.000318427914764996
193,2017-10-09,126.0999984741211,0.004140759957672158
194,2017-10-10,126.58999633789062,0.0038857880229878905
195,2017-10-11,126.0199966430664,-0.004502723053271818
196,2017-10-12,125.7300033569336,-0.002301168813344523
197,2017-10-13,126.5,0.006124207607634213
198,2017-10-16,127.73999786376952,0.009802354654304457
199,2017-10-17,125.98999786376952,-0.013699702749849108
200,2017-10-18,126.72000122070312,0.005794137386389453
201,2017-10-19,126.63999938964844,-0.0006313275748424108
202,2017-10-20,126.7300033569336,0.0007107072624679134
203,2017-10-23,126.4499969482422,-0.00220947211610778
204,2017-10-24,126.6999969482422,0.0019770660817202135
205,2017-10-25,127.23999786376952,0.004262043634838619
206,2017-10-26,128.88999938964844,0.012967632455051614
207,2017-10-27,127.70999908447266,-0.009155095901649535
208,2017-10-30,122.91000366210938,-0.03758511828966793
209,2017-10-31,123.81999969482422,0.007403758893511192
210,2017-11-01,123.9499969482422,0.0010498889818961743
211,2017-11-02,127.27999877929688,0.026865687075774414
212,2017-11-03,123.33000183105467,-0.03103391723857163
213,2017-11-06,121.7300033569336,-0.012973311038402935
214,2017-11-07,120.04000091552734,-0.013883203769007313
215,2017-11-08,122.5999984741211,0.021326204090878376
216,2017-11-09,121.9499969482422,-0.005301806965487876
217,2017-11-10,122.66999816894533,0.005904069198203521
218,2017-11-13,123.11000061035156,0.003586879008510735
219,2017-11-14,122.5500030517578,-0.00454875766239482
220,2017-11-15,120.79000091552734,-0.01436150218198795
221,2017-11-16,124.18000030517578,0.0280652319227912
222,2017-11-17,124.97000122070312,0.006361740325220522
223,2017-11-20,127.48999786376952,0.020164812502609708
224,2017-11-21,131.0500030517578,0.027923799887363376
225,2017-11-22,127.08999633789062,-0.03021752477413675
226,2017-11-24,126.25,-0.006609460713629667
227,2017-11-27,125.16000366210938,-0.008633634359529685
228,2017-11-28,126.86000061035156,0.013582589473484008
229,2017-11-29,133.27000427246094,0.050528169882306795
230,2017-11-30,133.4499969482422,0.0013505865536949102
231,2017-12-01,131.7100067138672,-0.013038518352681883
232,2017-12-04,131.1199951171875,-0.0044796261984972885
233,2017-12-05,127.52999877929688,-0.02737947278507824
234,2017-12-06,127.5999984741211,0.0005488880694286546
235,2017-12-07,126.08999633789062,-0.011833872682504132
236,2017-12-08,123.83999633789062,-0.017844397377651977
237,2017-12-11,120.8499984741211,-0.024144040311592785
238,2017-12-12,119.94000244140624,-0.00752996312953802
239,2017-12-13,121.3000030517578,0.01133900769274998
240,2017-12-14,118.56999969482422,-0.02250621012572196
241,2017-12-15,121.44000244140624,0.024205134131473738
242,2017-12-18,122.5,0.008728569971045541
243,2017-12-19,120.9499969482422,-0.012653086136798386
244,2017-12-20,123.87000274658205,0.024142256072891
245,2017-12-21,125.98999786376952,0.01711467724372806
246,2017-12-22,126.2699966430664,0.0022223889518566686
247,2017-12-26,125.75,-0.004118133023605752
248,2017-12-27,126.58999633789062,0.006679891354995027
249,2017-12-28,127.73999786376952,0.009084458165314668
250,2017-12-29,126.4000015258789,-0.01049002943713584
251,2018-01-02,126.51000213623048,0.0008702579827821744
252,2018-01-03,124.51000213623048,-0.015809026687441885
253,2018-01-04,126.25,0.013974763745210783
254,2018-01-05,125.62000274658205,-0.004990077254795722
255,2018-01-08,125.05999755859376,-0.004457930072792604
256,2018-01-09,123.1999969482422,-0.014872866197523371
257,2018-01-10,126.11000061035156,0.02362016018013291
258,2018-01-11,129.74000549316406,0.02878443315552981
259,2018-01-12,130.6999969482422,0.007399348037862685
260,2018-01-16,128.64999389648438,-0.015684798007834844
261,2018-01-17,128.27999877929688,-0.0028759823920800898
262,2018-01-18,126.2699966430664,-0.015668866193931263
263,2018-01-19,129.63999938964844,0.026688863832856402
264,2018-01-22,128.3800048828125,-0.009719180135514094
265,2018-01-23,127.13999938964844,-0.009658867783156388
266,2018-01-24,126.68000030517578,-0.0036180516492130277
267,2018-01-25,131.50999450683594,0.03812751965601957
268,2018-01-26,130.0,-0.011481975286353197
269,2018-01-29,127.8499984741211,-0.01653847327599156
270,2018-01-30,127.80999755859376,-0.00031287380527755815
271,2018-01-31,126.0,-0.014161627362241247
272,2018-02-01,126.55999755859376,0.004444425068204527
273,2018-02-02,122.62000274658205,-0.031131438748547735
274,2018-02-05,114.69000244140624,-0.06467134339871683
275,2018-02-06,120.5199966430664,0.05083262775793074
276,2018-02-07,120.08000183105467,-0.003650803387547641
277,2018-02-08,116.25,-0.03189541782688554
278,2018-02-09,118.38999938964844,0.01840859690020169
279,2018-02-12,119.83999633789062,0.01224763033801457
280,2018-02-13,118.4499969482422,-0.011598793659249651
281,2018-02-14,118.81999969482422,0.003123704146178241
282,2018-02-15,122.4499969482422,0.030550389351466256
283,2018-02-16,123.25,0.006533303974649796
284,2018-02-20,121.91999816894533,-0.010791089907137286
285,2018-02-21,123.63999938964844,0.01410762177276026
286,2018-02-22,124.36000061035156,0.005823368038316401
287,2018-02-23,124.3499984741211,-8.042888534398607e-05
288,2018-02-26,125.91999816894533,0.012625651098427504
289,2018-02-27,121.91000366210938,-0.031845573103136404
290,2018-02-28,120.5,-0.011565938969351541
291,2018-03-01,118.25,-0.018672199170124526
292,2018-03-02,118.83000183105467,0.004904878063887397
293,2018-03-05,119.62999725341795,0.0067322680302628335
294,2018-03-06,120.76000213623048,0.009445832222321204
295,2018-03-07,123.54000091552734,0.023020857321290222
296,2018-03-08,124.47000122070312,0.007527928592227173
297,2018-03-09,128.0,0.0283602373638423
298,2018-03-12,126.30999755859376,-0.013203144073486217
299,2018-03-13,126.75,0.0034835123894458864
300,2018-03-14,125.83000183105467,-0.007258368196807363
301,2018-03-15,125.2699966430664,-0.004450490183892319
302,2018-03-16,125.0199966430664,-0.001995689364567732
303,2018-03-19,125.83999633789062,0.006558948303008849
304,2018-03-20,127.5,0.013191383585645866
305,2018-03-21,127.30999755859376,-0.0014902152267155522
306,2018-03-22,124.12999725341795,-0.024978402059211646
307,2018-03-23,118.41999816894533,-0.0460001547636818
308,2018-03-26,122.51000213623048,0.03453811881883406
309,2018-03-27,120.79000091552734,-0.014039679950299089
310,2018-03-28,121.58999633789062,0.006623026875566929
311,2018-03-29,124.1999969482422,0.021465586717336116
312,2018-04-02,118.5,-0.045893696363113134
313,2018-04-03,121.16000366210938,0.022447288287842815
314,2018-04-04,122.06999969482422,0.007510696642537562
315,2018-04-05,123.55999755859376,0.012206093778115434
316,2018-04-06,120.93000030517578,-0.021285183759985116
317,2018-04-09,120.05999755859376,-0.007194267298325507
318,2018-04-10,122.08999633789062,0.016908202736770406
319,2018-04-11,122.44000244140624,0.0028667877304784373
320,2018-04-12,123.0500030517578,0.0049820369012445465
321,2018-04-13,123.56999969482422,0.004225897035107673
322,2018-04-16,125.98999786376952,0.019584026664415832
323,2018-04-17,127.3000030517578,0.01039769196126783
324,2018-04-18,126.36000061035156,-0.007384150973068326
325,2018-04-19,126.0,-0.002849007665500669
326,2018-04-20,125.22000122070312,-0.006190466502356107
327,2018-04-23,123.91999816894533,-0.010381752428404112
328,2018-04-24,121.13999938964844,-0.022433818757056523
329,2018-04-25,119.97000122070312,-0.00965823159022805
330,2018-04-26,119.27999877929688,-0.005751458151083022
331,2018-04-27,118.37999725341795,-0.007545284499408722
332,2018-04-30,116.37999725341795,-0.016894746126058457
333,2018-05-01,115.2300033569336,-0.009881370713390236
334,2018-05-02,115.26000213623048,0.0002603382662758058
335,2018-05-03,113.1500015258789,-0.018306442575436344
336,2018-05-04,114.9800033569336,0.016173237351977843
337,2018-05-07,117.8000030517578,0.024526001152305188
338,2018-05-08,120.43000030517578,0.02232595233688106
339,2018-05-09,120.0,-0.003570541427270091
340,2018-05-10,120.66999816894533,0.0055833180745443745
341,2018-05-11,121.93000030517578,0.010441718367032449
342,2018-05-14,120.68000030517578,-0.010251783784724022
343,2018-05-15,120.08999633789062,-0.00488899540763299
344,2018-05-16,119.5,-0.004912951585330894
345,2018-05-17,120.93000030517578,0.011966529750425003
346,2018-05-18,123.26000213623048,0.019267359837714215
347,2018-05-21,123.9499969482422,0.005597880902590946
348,2018-05-22,122.37999725341795,-0.012666395590794854
349,2018-05-23,123.83000183105467,0.011848378903246193
350,2018-05-24,124.47000122070312,0.005168370993982707
351,2018-05-25,122.86000061035156,-0.012934848514195796
352,2018-05-29,122.33000183105467,-0.004313843209050372
353,2018-05-30,124.86000061035156,0.020681752157504008
354,2018-05-31,125.70999908447266,0.006807612285488096
355,2018-06-01,128.0399932861328,0.018534676784895066
356,2018-06-04,127.87000274658205,-0.0013276362735421543
357,2018-06-05,128.50999450683594,0.005005018741746969
358,2018-06-06,130.22999572753906,0.013384182508945797
359,2018-06-07,132.1199951171875,0.014512780861965169
360,2018-06-08,130.9199981689453,-0.009082629371714779
361,2018-06-11,130.9199981689453,0.0
362,2018-06-12,129.2899932861328,-0.01245038882989491
363,2018-06-13,130.3800048828125,0.008430749890034894
364,2018-06-14,129.8300018310547,-0.00421846165945583
365,2018-06-15,129.72000122070312,-0.0008472664931077345
366,2018-06-18,130.10000610351562,0.002929423984247226
367,2018-06-19,127.94000244140624,-0.016602640743850205
368,2018-06-20,131.11000061035156,0.024777224546303378
369,2018-06-21,128.35000610351562,-0.0210509838607843
370,2018-06-22,129.2100067138672,0.006700432952515545
371,2018-06-25,127.3499984741211,-0.014395233674625807
372,2018-06-26,128.5,0.009030243735044907
373,2018-06-27,130.91000366210938,0.01875489231213523
374,2018-06-28,131.91000366210938,0.0076388356277270475
375,2018-06-29,128.80999755859375,-0.023500917424400636
376,2018-07-02,128.5,-0.002406626538850265
377,2018-07-03,128.24000549316406,-0.002023303555143463
378,2018-07-05,131.05999755859375,0.021989955900150182
379,2018-07-06,133.08999633789062,0.015489079941339856
380,2018-07-09,134.99000549316406,0.014276122981096817
381,2018-07-10,133.64999389648438,-0.00992674673790972
382,2018-07-11,132.02999877929688,-0.012121176140436174
383,2018-07-12,132.99000549316406,0.00727112567403676
384,2018-07-13,135.3800048828125,0.017971270704032705
385,2018-07-16,133.9600067138672,-0.010488980039367601
386,2018-07-17,134.92999267578125,0.00724086229695331
387,2018-07-18,137.3300018310547,0.017787069484546336
388,2018-07-19,138.27999877929688,0.006917621317815703
389,2018-07-20,139.6199951171875,0.00969045668006796
390,2018-07-23,139.07000732421875,-0.003939176423170099
391,2018-07-24,138.08999633789062,-0.007046889585929139
392,2018-07-25,141.61000061035156,0.025490653673767127
393,2018-07-26,144.52999877929688,0.020619999691828816
394,2018-07-27,141.08999633789062,-0.023801304023113423
395,2018-07-30,141.8800048828125,0.005599323590808725
396,2018-07-31,145.3800048828125,0.02466873329255148
397,2018-08-01,143.7899932861328,-0.010936934538978482
398,2018-08-02,142.97000122070312,-0.00570270605547607
399,2018-08-03,139.89999389648438,-0.02147308734704123
400,2018-08-06,142.14999389648438,0.016082917070495695
401,2018-08-07,139.50999450683594,-0.018571927562451518
402,2018-08-08,139.77999877929688,0.0019353758375189045
403,2018-08-09,140.0,0.001573910592534089
404,2018-08-10,139.8699951171875,-0.0009286063058036031
405,2018-08-13,140.24000549316406,0.0026453877807499637
406,2018-08-14,144.60000610351562,0.031089563887418015
407,2018-08-15,143.1300048828125,-0.010165983116562138
408,2018-08-16,142.80999755859375,-0.0022357808516861866
409,2018-08-17,144.9499969482422,0.014984941014164033
410,2018-08-20,145.24000549316406,0.002000748886013648
411,2018-08-21,148.41000366210938,0.021825929833736657
412,2018-08-22,147.57000732421875,-0.005659971141858344
413,2018-08-23,147.0399932861328,-0.003591610840822601
414,2018-08-24,149.17999267578125,0.014553859408059866
415,2018-08-27,150.69000244140625,0.010122066227116422
416,2018-08-28,148.60000610351562,-0.013869508952349285
417,2018-08-29,149.58999633789062,0.006662114358766402
418,2018-08-30,149.47999572753906,-0.0007353473697739865
419,2018-08-31,149.80999755859375,0.0022076655103482334
420,2018-09-04,149.6300048828125,-0.001201473057302782
421,2018-09-05,152.85000610351562,0.0215197561693925
422,2018-09-06,154.67999267578125,0.011972433753298484
423,2018-09-07,153.75,-0.0060123656569507355
424,2018-09-10,153.52000427246094,-0.0014959071709857996
425,2018-09-11,151.8699951171875,-0.010747844641438853
426,2018-09-12,150.8000030517578,-0.007045447421026418
427,2018-09-13,149.2100067138672,-0.010543742080329377
428,2018-09-14,150.63999938964844,0.009583758537880627
429,2018-09-17,151.3300018310547,0.004580472943454206
430,2018-09-18,152.22000122070312,0.005881182705872456
431,2018-09-19,150.69000244140625,-0.010051233524026482
432,2018-09-20,152.27000427246094,0.010485113846016691
433,2018-09-21,152.85000610351562,0.003809035363372404
434,2018-09-24,151.1999969482422,-0.010794956423855084
435,2018-09-25,150.8300018310547,-0.002447057702746891
436,2018-09-26,147.7899932861328,-0.020155197958075965
437,2018-09-27,147.3800048828125,-0.0027741283033049235
438,2018-09-28,150.36000061035156,0.020219810210405198
439,2018-10-01,150.27999877929688,-0.0005320685736228681
440,2018-10-02,151.4499969482422,0.0077854550069806905
441,2018-10-03,154.3000030517578,0.018818132459187842
442,2018-10-04,155.66000366210938,0.008814002485115768
443,2018-10-05,154.8000030517578,-0.005524865669529144
444,2018-10-08,154.42999267578125,-0.0023902478597035426
445,2018-10-09,153.17999267578125,-0.008094282582945644
446,2018-10-10,147.2100067138672,-0.03897366658418677
447,2018-10-11,141.36000061035156,-0.03973918780457841
448,2018-10-12,137.9600067138672,-0.024052022367035852
449,2018-10-15,138.85000610351562,0.006451140521428922
450,2018-10-16,144.92999267578125,0.0437881620814109
451,2018-10-17,145.10000610351562,0.0011730727684138298
452,2018-10-18,143.77000427246094,-0.009166104583798962
453,2018-10-19,142.72000122070312,-0.007303352720000822
454,2018-10-22,146.64999389648438,0.027536383423258926
455,2018-10-23,145.61000061035156,-0.007091669481192775
456,2018-10-24,139.82000732421875,-0.03976370621429137
457,2018-10-25,142.39999389648438,0.018452198806448994
458,2018-10-26,143.82000732421875,0.00997200483566485
459,2018-10-29,141.8699951171875,-0.013558699121988371
460,2018-10-30,146.57000732421875,0.033129008027024565
461,2018-10-31,147.67999267578125,0.0075730729077960746
462,2018-11-01,150.63999938964844,0.02004338340106515
463,2018-11-02,168.33999633789062,0.11749865254884284
464,2018-11-05,162.3300018310547,-0.0357015245192992
465,2018-11-06,157.9199981689453,-0.027166904530063984
466,2018-11-07,160.9199981689453,0.018996960706588517
467,2018-11-08,163.1300048828125,0.013733574067947396
468,2018-11-09,160.10000610351562,-0.01857413528230767
469,2018-11-12,157.1999969482422,-0.018113735444821755
470,2018-11-13,154.4600067138672,-0.017429963661367842
471,2018-11-14,151.22999572753906,-0.020911633082546954
472,2018-11-15,153.1699981689453,0.01282815907038315
473,2018-11-16,155.10000610351562,0.012600430617238256
474,2018-11-19,151.10000610351562,-0.025789812008971458
475,2018-11-20,145.9499969482422,-0.03408344769850813
476,2018-11-21,146.1999969482422,0.0017129154177966122
477,2018-11-23,146.5500030517578,0.002394022645838545
478,2018-11-26,149.30999755859375,0.0188331248677025
479,2018-11-27,145.39999389648438,-0.02618715240802927
480,2018-11-28,152.75999450683594,0.050618988440889634
481,2018-11-29,151.57000732421875,-0.007789913756274247
482,2018-11-30,153.02000427246094,0.009566516317047746
483,2018-12-03,157.14999389648438,0.02698986739452547
484,2018-12-04,144.52999877929688,-0.08030541270972213
485,2018-12-06,141.92999267578125,-0.017989387154745184
486,2018-12-07,137.02000427246094,-0.03459443850276578
487,2018-12-10,135.52999877929688,-0.010874364667229353
488,2018-12-11,134.19000244140625,-0.009887082933371372
489,2018-12-12,135.74000549316406,0.011550808730588003
490,2018-12-13,135.2100067138672,-0.0039045142025102564
491,2018-12-14,135.52999877929688,0.0023666300535496454
492,2018-12-17,133.9199981689453,-0.011879293328802887
493,2018-12-18,134.22999572753906,0.0023147966161309874
494,2018-12-19,131.6999969482422,-0.018848237054497785
495,2018-12-20,128.44000244140625,-0.024753185895039276
496,2018-12-21,127.01000213623048,-0.011133605403255364
497,2018-12-24,125.31999969482422,-0.013306057892933265
498,2018-12-26,133.35000610351562,0.0640760168229002
499,2018-12-27,130.3000030517578,-0.02287216282082649
500,2018-12-28,130.83999633789062,0.004144230801885085
501,2018-12-31,131.10000610351562,0.0019872345834794913
502,2019-01-02,128.77999877929688,-0.01769646999395935
503,2019-01-03,123.69000244140624,-0.03952474286487506
504,2019-01-04,128.41000366210938,0.03815992503467758
505,2019-01-07,129.25999450683594,0.006619350677406599
506,2019-01-08,128.77999877929688,-0.003713412872794697
507,2019-01-09,129.9600067138672,0.009162975196114198
508,2019-01-10,132.27000427246094,0.01777468020357742
509,2019-01-11,131.8000030517578,-0.0035533469836062093
510,2019-01-14,129.50999450683594,-0.01737487474884647
511,2019-01-15,132.63999938964844,0.024168056640966773
512,2019-01-16,133.32000732421875,0.00512671846878332
513,2019-01-17,134.7100067138672,0.010426037453389325
514,2019-01-18,137.67999267578125,0.022047255689196854
515,2019-01-22,134.24000549316406,-0.024985381795580963
516,2019-01-23,132.72999572753906,-0.011248582418315611
517,2019-01-24,133.66000366210938,0.007006765346993404
518,2019-01-25,135.0500030517578,0.010399516321743851
519,2019-01-28,133.9199981689453,-0.008367307347482478
520,2019-01-29,135.6999969482422,0.013291508390340212
521,2019-01-30,138.69000244140625,0.022033939280812875
522,2019-01-31,139.4199981689453,0.005263506487048097
523,2019-02-01,139.1999969482422,-0.0015779746348622004
524,2019-02-04,140.8000030517578,0.011494296972653917
525,2019-02-05,131.47000122070312,-0.06626421611386613
526,2019-02-06,133.32000732421875,0.014071697621801604
527,2019-02-07,130.07000732421875,-0.024377436404547925
528,2019-02-08,129.75999450683594,-0.0023834304599527067
529,2019-02-11,130.69000244140625,0.007167139133327449
530,2019-02-12,132.64999389648438,0.014997256243505452
531,2019-02-13,132.8800048828125,0.0017339690683109144
532,2019-02-14,134.8699951171875,0.014975844079250233
533,2019-02-15,142.89999389648438,0.059538808259907317
534,2019-02-19,141.92999267578125,-0.006787972443202395
535,2019-02-20,144.5,0.018107570329335188
536,2019-02-21,142.61000061035156,-0.013079580551200287
537,2019-02-22,142.07000732421875,-0.0037865036380457795
538,2019-02-25,144.4499969482422,0.016752231303768683
539,2019-02-26,142.66000366210938,-0.01239178486638659
540,2019-02-27,141.9499969482422,-0.0049769150122050965
541,2019-02-28,140.14999389648438,-0.012680543081759477
542,2019-03-01,142.16000366210938,0.01434184697224894
543,2019-03-04,140.25999450683594,-0.013365286341645355
544,2019-03-05,139.57000732421875,-0.004919344144017956
545,2019-03-06,137.0399932861328,-0.018127204308363787
546,2019-03-07,134.6999969482422,-0.017075280593489395
547,2019-03-08,135.5500030517578,0.006310364682801328
548,2019-03-11,134.35000610351562,-0.00885279912375947
549,2019-03-12,131.9600067138672,-0.017789350808119497
550,2019-03-13,133.99000549316406,0.01538343949692722
551,2019-03-14,133.4600067138672,-0.003955509796019219
552,2019-03-15,131.49000549316406,-0.01476098547579674
553,2019-03-18,134.7100067138672,0.024488562523259816
554,2019-03-19,132.75,-0.014549822701964255
555,2019-03-20,132.14999389648438,-0.00451981998881823
556,2019-03-21,132.97000122070312,0.0062051257063324705
557,2019-03-22,126.16999816894533,-0.051139377222920945
558,2019-03-25,126.63999938964844,0.0037251424865185623
559,2019-03-26,128.27000427246094,0.012871169383041892
560,2019-03-27,126.5,-0.013799050545763136
561,2019-03-28,126.91000366210938,0.0032411356688488713
562,2019-03-29,127.16999816894533,0.002048652583197308
563,2019-04-01,128.55999755859375,0.010930246203210592
564,2019-04-02,129.55999755859375,0.007778469344978278
565,2019-04-03,132.66000366210938,0.023927185566005038
566,2019-04-04,131.9499969482422,-0.005352078201924404
567,2019-04-05,133.05999755859375,0.008412282197982623
568,2019-04-08,130.00999450683594,-0.02292201343544087
569,2019-04-09,125.4800033569336,-0.03484340697871624
570,2019-04-10,128.05999755859375,0.020560998825615684
571,2019-04-11,129.14999389648438,0.008511606736458788
572,2019-04-12,129.52999877929688,0.002942353083787763
573,2019-04-15,130.2100067138672,0.005249810398971544
574,2019-04-16,130.4600067138672,0.0019199753253171803
575,2019-04-17,129.39999389648438,-0.008125193644269113
576,2019-04-18,130.9199981689453,0.011746555982660167
577,2019-04-22,130.22000122070312,-0.00534675342218438
578,2019-04-23,132.1199951171875,0.014590645666360924
579,2019-04-24,133.5,0.010445087298016187
580,2019-04-25,133.19000244140625,-0.0023220790905899014
581,2019-04-26,134.9199981689453,0.012988930819339384
582,2019-04-29,137.72999572753906,0.02082713902111899
583,2019-04-30,137.5500030517578,-0.0013068516762123616
584,2019-05-01,138.3000030517578,0.005452562583497578
585,2019-05-02,138.5800018310547,0.002024575366003978
586,2019-05-03,142.11000061035156,0.02547264203099342
587,2019-05-06,141.10000610351562,-0.007107131816888934
588,2019-05-07,137.27999877929688,-0.0270730486107581
589,2019-05-08,137.1300048828125,-0.0010926128920318856
590,2019-05-09,137.5500030517578,0.003062773674544994
591,2019-05-10,137.4199981689453,-0.0009451463462605281
592,2019-05-13,134.0800018310547,-0.02430502388585687
593,2019-05-14,135.1999969482422,0.008353185425808096
594,2019-05-15,136.8000030517578,0.011834364938100972
595,2019-05-16,138.3800048828125,0.011549720729588708
596,2019-05-17,135.88999938964844,-0.01799396881993698
597,2019-05-20,135.91000366210938,0.0001472093056942292
598,2019-05-21,138.5800018310547,0.019645339540886875
599,2019-05-22,138.94000244140625,0.002597781827066603
600,2019-05-23,140.3800048828125,0.010364203369101821
601,2019-05-24,147.25,0.048938558756444595
602,2019-05-28,146.49000549316406,-0.00516125301756154
603,2019-05-29,143.30999755859375,-0.02170801976465697
604,2019-05-30,142.8699951171875,-0.0030702843409535774
605,2019-05-31,142.3000030517578,-0.0039895855316727236
606,2019-06-03,143.9199981689453,0.011384364599052565
607,2019-06-04,148.75,0.03356032443375123
608,2019-06-05,149.3000030517578,0.0036974995076155537
609,2019-06-06,150.3800048828125,0.00723376965156719
610,2019-06-07,149.22999572753906,-0.007647354155691177
611,2019-06-10,148.99000549316406,-0.0016081903186083712
612,2019-06-11,149.25999450683594,0.0018121283557122059
613,2019-06-12,152.6699981689453,0.022846065842198504
614,2019-06-13,153.92999267578125,0.008253059028936471
615,2019-06-14,150.5800018310547,-0.021763080647853705
616,2019-06-17,149.85000610351562,-0.004847892938386944
617,2019-06-18,152.3300018310547,0.016549854030875943
618,2019-06-19,154.3800048828125,0.013457644765417998
619,2019-06-20,160.57000732421875,0.040095881886420326
620,2019-06-21,161.85000610351562,0.007971593204902483
621,2019-06-24,161.83999633789062,-6.184593912583747e-05
622,2019-06-25,163.55999755859375,0.010627788307113528
623,2019-06-26,160.7899932861328,-0.016935707470089767
624,2019-06-27,163.44000244140625,0.016481182075538836
625,2019-06-28,166.80999755859375,0.020619157286146272
626,2019-07-01,169.0500030517578,0.013428484658884132
627,2019-07-02,168.07000732421875,-0.0057970760712675595
628,2019-07-03,167.52999877929688,-0.003212997687803809
629,2019-07-05,166.00999450683594,-0.00907302741918703
630,2019-07-08,162.9499969482422,-0.018432610444232944
631,2019-07-09,162.80999755859375,-0.0008591555217574154
632,2019-07-10,162.67999267578125,-0.0007985067548798019
633,2019-07-11,162.5800018310547,-0.0006146474626774756
634,2019-07-12,164.16000366210938,0.009718303685938956
635,2019-07-15,162.9600067138672,-0.007309922767254173
636,2019-07-16,164.33999633789062,0.008468271767112068
637,2019-07-17,160.52000427246094,-0.0232444453605537
638,2019-07-18,161.8300018310547,0.008160961398743893
639,2019-07-19,161.6300048828125,-0.0012358459246077924
640,2019-07-22,161.16000366210938,-0.0029078834777236384
641,2019-07-23,164.52000427246094,0.020848849180943096
642,2019-07-24,164.1699981689453,-0.0021274379675798594
643,2019-07-25,161.91000366210938,-0.013766184638134726
644,2019-07-26,164.4199981689453,0.015502405349048454
645,2019-07-29,162.0800018310547,-0.014231823159894574
646,2019-07-30,164.7899932861328,0.01672008529406921
647,2019-07-31,162.69000244140625,-0.012743436678708031
648,2019-08-01,160.47999572753906,-0.01358415809639646
649,2019-08-02,161.94000244140625,0.009097748957732854
650,2019-08-05,156.8699951171875,-0.031307936567761874
651,2019-08-06,157.47999572753906,0.003888574165479275
652,2019-08-07,159.13999938964844,0.010541044622463636
653,2019-08-08,162.8000030517578,0.02299864066951507
654,2019-08-09,160.50999450683594,-0.01406639128989351
655,2019-08-12,158.5399932861328,-0.012273386630881844
656,2019-08-13,161.9199981689453,0.021319572511349083
657,2019-08-14,156.14999389648438,-0.03563490821214432
658,2019-08-15,157.08999633789062,0.006019868576039755
659,2019-08-16,159.9600067138672,0.018269848130897826
660,2019-08-19,158.47999572753906,-0.0092523813716483
661,2019-08-20,157.75999450683594,-0.004543167845240004
662,2019-08-21,157.75999450683594,0.0
663,2019-08-22,158.85000610351562,0.0069093029578704
664,2019-08-23,151.0500030517578,-0.04910294461477638
665,2019-08-26,150.7899932861328,-0.0017213489597607268
666,2019-08-27,153.6699981689453,0.019099443007120076
667,2019-08-28,156.0,0.015162372999400153
668,2019-08-29,159.74000549316406,0.023974394186949022
669,2019-08-30,159.52999877929688,-0.0013146782687206704
670,2019-09-03,156.3699951171875,-0.019808209655170272
671,2019-09-04,156.66000366210938,0.0018546303893181015
672,2019-09-05,160.63999938964844,0.025405308531227133
673,2019-09-06,159.52000427246094,-0.006972081184281165
674,2019-09-09,159.42999267578125,-0.0005642652599604503
675,2019-09-10,159.0,-0.0026970626327236236
676,2019-09-11,159.0,0.0
677,2019-09-12,162.1199951171875,0.019622610799921336
678,2019-09-13,167.4499969482422,0.03287689360712065
679,2019-09-16,166.9199981689453,-0.0031651166853152723
680,2019-09-17,164.38999938964844,-0.01515695427180741
681,2019-09-18,165.2100067138672,0.004988182537035701
682,2019-09-19,162.69000244140625,-0.015253339204963634
683,2019-09-20,166.82000732421875,0.02538573250252396
684,2019-09-23,168.0,0.007073448171524888
685,2019-09-24,165.10000610351562,-0.017261868431454608
686,2019-09-25,169.85000610351562,0.028770441092666132
687,2019-09-26,164.11000061035156,-0.03379455570737988
688,2019-09-27,164.8699951171875,0.004631006666317772
689,2019-09-30,165.91000366210938,0.0063080522576752784
690,2019-10-01,158.42999267578125,-0.0450847496909339
691,2019-10-02,157.66000366210938,-0.00486012150014814
692,2019-10-03,155.91000366210938,-0.011099834830338606
693,2019-10-04,157.32000732421875,0.009043702321790414
694,2019-10-07,157.6199951171875,0.001906863583793994
695,2019-10-08,153.02000427246094,-0.029184056510765388
696,2019-10-09,155.6999969482422,0.017514002097460235
697,2019-10-10,156.22000122070312,0.0033397834467125964
698,2019-10-11,159.7899932861328,0.022852336688860442
699,2019-10-14,159.5,-0.0018148400921046415
700,2019-10-15,161.7100067138672,0.013855841466251961
701,2019-10-16,160.8699951171875,-0.005194555449904992
702,2019-10-17,164.3300018310547,0.021508092365805753
703,2019-10-18,162.8699951171875,-0.008884602309979894
704,2019-10-21,163.47000122070312,0.0036839572757640937
705,2019-10-22,160.8000030517578,-0.016333260836895125
706,2019-10-23,158.1699981689453,-0.01635575144837509
707,2019-10-24,159.27000427246094,0.006954581249603908
708,2019-10-25,160.0500030517578,0.004897336336869396
709,2019-10-28,162.36000061035156,0.014432974161498358
710,2019-10-29,163.39999389648438,0.0064054772248289815
711,2019-10-30,162.49000549316406,-0.00556908468366768
712,2019-10-31,160.44000244140625,-0.012616179349221879
713,2019-11-01,162.92999267578125,0.015519759389709398
714,2019-11-04,163.91000366210938,0.006014920704491056
715,2019-11-05,163.27000427246094,-0.003904577971749368
716,2019-11-06,165.66000366210938,0.014638325026684385
717,2019-11-07,167.44000244140625,0.010744891584860028
718,2019-11-08,167.30999755859375,-0.0007764266657723784
719,2019-11-11,166.3699951171875,-0.005618327984716176
720,2019-11-12,166.22999572753906,-0.0008414942222594313
721,2019-11-13,165.25999450683594,-0.005835295949192076
722,2019-11-14,160.69000244140625,-0.027653347557388686
723,2019-11-15,162.8300018310547,0.013317563987397252
724,2019-11-18,160.24000549316406,-0.015906137129310438
725,2019-11-19,161.11000061035156,0.005429325308058619
726,2019-11-20,155.4499969482422,-0.03513129936482484
727,2019-11-21,157.9499969482422,0.01608234190466007
728,2019-11-22,161.88999938964844,0.02494461866116615
729,2019-11-25,165.80999755859375,0.024213961231233094
730,2019-11-26,166.22999572753906,0.002533008715574603
731,2019-11-27,166.64999389648438,0.0025266087934798787
732,2019-11-29,165.8800048828125,-0.004620396290864304
733,2019-12-02,162.55999755859375,-0.020014511854904993
734,2019-12-03,162.00999450683594,-0.0033833849656620396
735,2019-12-04,161.83999633789062,-0.0010493066768059167
736,2019-12-05,163.9600067138672,0.013099421798987043
737,2019-12-06,165.25,0.007867731357098728
738,2019-12-09,164.69000244140625,-0.0033887900671331073
739,2019-12-10,162.86000061035156,-0.01111179673280882
740,2019-12-11,169.2899932861328,0.03948171835738368
741,2019-12-12,174.1699981689453,0.02882630442641898
742,2019-12-13,170.27999877929688,-0.022334497505564266
743,2019-12-16,163.60000610351562,-0.039229461614216476
744,2019-12-17,156.25,-0.04492668599819616
745,2019-12-18,159.47999572753906,0.020671972656250093
746,2019-12-19,157.8000030517578,-0.010534190624455486
747,2019-12-20,157.35000610351562,-0.0028516916320627805
748,2019-12-23,158.85000610351562,0.009532888095429737
749,2019-12-24,158.8800048828125,0.00018884972076937956
750,2019-12-26,159.1199951171875,0.00151051250629064
751,2019-12-27,158.99000549316406,-0.0008169282806205214
752,2019-12-30,157.66000366210938,-0.008365317221854407
753,2019-12-31,158.33999633789062,0.00431303222114976
754,2020-01-02,160.57000732421875,0.014083687242036902
755,2020-01-03,162.2899932861328,0.010711751158116956
756,2020-01-06,163.19000244140625,0.005545684838908382
757,2020-01-07,165.52999877929688,0.014339091261003079
758,2020-01-08,167.13999938964844,0.00972633735410211
759,2020-01-09,166.1300048828125,-0.006042805495537706
760,2020-01-10,164.61000061035156,-0.00914948671393312
761,2020-01-13,168.6300048828125,0.024421385441682153
762,2020-01-14,170.55999755859375,0.011445132063670815
763,2020-01-15,170.99000549316406,0.0025211534986249173
764,2020-01-16,175.13999938964844,0.024270388696199463
765,2020-01-17,174.35000610351562,-0.004510638853979065
766,2020-01-21,172.5800018310547,-0.010152017266979896
767,2020-01-22,170.88999938964844,-0.009792574014807709
768,2020-01-23,166.52000427246094,-0.0255719769020738
769,2020-01-24,162.5800018310547,-0.02366083557720544
770,2020-01-27,161.52999877929688,-0.006458377659811609
771,2020-01-28,164.0399932861328,0.015538875291303711
772,2020-01-29,162.97000122070312,-0.006522751214475542
773,2020-01-30,162.97999572753906,6.132727962859796e-05
774,2020-01-31,155.50999450683594,-0.0458338533349274
775,2020-02-03,153.58999633789062,-0.012346461557240396
776,2020-02-04,173.5800018310547,0.13015174145318031
777,2020-02-05,178.86000061035156,0.030418243597185146
778,2020-02-06,181.38999938964844,0.014145134578236407
779,2020-02-07,179.97000122070312,-0.00782842589846966
780,2020-02-10,179.3000030517578,-0.003722832496531825
781,2020-02-11,181.1199951171875,0.010150541184900774
782,2020-02-12,181.97000122070312,0.00469305502667261
783,2020-02-13,180.42999267578125,-0.008462980351657379
784,2020-02-14,178.8000030517578,-0.009033917254280488
785,2020-02-18,177.72000122070312,-0.006040278594078408
786,2020-02-19,175.69000244140625,-0.011422455353102934
787,2020-02-20,181.3699951171875,0.0323296294430615
788,2020-02-21,179.11000061035156,-0.012460685712516573
789,2020-02-24,177.0,-0.011780473469718777
790,2020-02-25,177.0,0.0
791,2020-02-26,177.0,0.0
792,2020-02-27,177.0,0.0
793,2020-02-28,171.19000244140625,-0.03282484496380644
794,2020-03-02,170.72999572753906,-0.0026871120235226753
795,2020-03-03,167.75999450683594,-0.017395895829827257
796,2020-03-04,173.00999450683594,0.031294707748610984
797,2020-03-05,162.97999572753906,-0.057973522326772664
798,2020-03-06,157.47000122070312,-0.03380779636322506
799,2020-03-09,145.7100067138672,-0.07468085613559905
800,2020-03-10,148.97999572753906,0.02244176009196952
801,2020-03-11,140.41000366210938,-0.057524448323269195
802,2020-03-12,111.4499969482422,-0.20625315831169821
803,2020-03-13,125.86000061035156,0.12929568467194685
804,2020-03-16,97.61000061035156,-0.2244557433895049
805,2020-03-17,118.43000030517578,0.21329781338630838
806,2020-03-18,85.68000030517578,-0.276534661112964
807,2020-03-19,96.70999908447266,0.12873481255847485
808,2020-03-20,84.9000015258789,-0.1221176473001323
809,2020-03-23,81.7699966430664,-0.03686695908784432
810,2020-03-24,99.91000366210938,0.22184184619972247
811,2020-03-25,125.08000183105467,0.251926706499471
812,2020-03-26,120.7300033569336,-0.034777729536625834
813,2020-03-27,110.0,-0.08887602964120489
814,2020-03-30,111.93000030517578,0.017545457319779745
815,2020-03-31,112.79000091552734,0.007683378969059129
816,2020-04-01,111.0500030517578,-0.015426880482718452
817,2020-04-02,113.9000015258789,0.025664100817654134
818,2020-04-03,112.4000015258789,-0.013169446706804422
819,2020-04-06,117.62999725341795,0.04653021046743411
820,2020-04-07,117.8499984741211,0.0018702816104736453
821,2020-04-08,120.0,0.018243543094750514
822,2020-04-09,121.7300033569336,0.014416694641113281
823,2020-04-13,121.1999969482422,-0.00435395049762155
824,2020-04-14,130.7899932861328,0.0791253843181694
825,2020-04-15,120.5199966430664,-0.07852280121001654
826,2020-04-16,119.81999969482422,-0.005808139460170336
827,2020-04-17,124.87000274658205,0.04214657873994265
828,2020-04-20,121.16999816894533,-0.02963085205616367
829,2020-04-21,120.2300033569336,-0.007757653100737949
830,2020-04-22,121.1500015258789,0.007651984889446073
831,2020-04-23,118.4499969482422,-0.022286459295338568
832,2020-04-24,123.56999969482422,0.04322501374836896
833,2020-04-27,131.50999450683594,0.06425503626787088
834,2020-04-28,127.44000244140624,-0.03094815782399063
835,2020-04-29,132.80999755859375,0.042137437337671946
836,2020-04-30,126.68000030517578,-0.046156143107475844
837,2020-05-01,120.5500030517578,-0.04838962139762115
838,2020-05-04,115.91000366210938,-0.038490246969601905
839,2020-05-05,120.7699966430664,0.041929021028456415
840,2020-05-06,118.22000122070312,-0.021114477877313798
841,2020-05-07,118.56999969482422,0.002960569028143345
842,2020-05-08,122.41999816894533,0.03247025794071212
843,2020-05-11,121.2300033569336,-0.009720591650144272
844,2020-05-12,114.30999755859376,-0.05708162671550443
845,2020-05-13,111.2699966430664,-0.02659435727805959
846,2020-05-14,111.6500015258789,0.0034151603691647825
847,2020-05-15,110.1999969482422,-0.01298705380940468
848,2020-05-18,118.87999725341795,0.07876588516833172
849,2020-05-19,114.87000274658205,-0.03373144851515897
850,2020-05-20,119.9800033569336,0.044485074328977525
851,2020-05-21,122.58000183105467,0.02167026505563796
852,2020-05-22,128.07000732421875,0.044787121970602195
853,2020-05-26,131.22000122070312,0.024595875039734594
854,2020-05-27,143.72000122070312,0.09525986803624442
855,2020-05-28,138.22999572753906,-0.03819931426756218
856,2020-05-29,140.64999389648438,0.017507040756300718
857,2020-06-01,135.9499969482422,-0.03341626130251585
858,2020-06-02,137.44000244140625,0.0109599523840469
859,2020-06-03,140.02999877929688,0.01884455974886068
860,2020-06-04,142.1300048828125,0.014996830120847626
861,2020-06-05,154.75999450683594,0.08886223309734609
862,2020-06-08,150.22000122070312,-0.029335703329533724
863,2020-06-09,148.5500030517578,-0.011117016078915798
864,2020-06-10,144.22999572753906,-0.02908116617617018
865,2020-06-11,129.72999572753906,-0.10053387249204082
866,2020-06-12,134.52000427246094,0.03692290682705268
867,2020-06-15,136.4600067138672,0.014421665029662911
868,2020-06-16,139.86000061035156,0.02491568026677271
869,2020-06-17,138.3000030517578,-0.011153993649262728
870,2020-06-18,137.1699981689453,-0.008170678654212393
871,2020-06-19,133.80999755859375,-0.02449515677774683
872,2020-06-22,138.11000061035156,0.03213514034984488
873,2020-06-23,137.25,-0.006226924962355773
874,2020-06-24,131.58999633789062,-0.04123864234688068
875,2020-06-25,133.44000244140625,0.014058865833275647
876,2020-06-26,127.37000274658205,-0.04548860599346549
877,2020-06-29,131.39999389648438,0.0316400334694229
878,2020-06-30,134.0399932861328,0.020091320489163733
879,2020-07-01,128.85000610351562,-0.03871969145461096
880,2020-07-02,131.3699951171875,0.019557538954614984
881,2020-07-06,133.19000244140625,0.013854056419772443
882,2020-07-07,127.51000213623048,-0.04264584579217612
883,2020-07-08,127.3499984741211,-0.0012548322439712711
884,2020-07-09,124.4000015258789,-0.023164483577451045
885,2020-07-10,127.06999969482422,0.021463007525686084
886,2020-07-13,126.91000366210938,-0.0012591172825929808
887,2020-07-14,133.3000030517578,0.05035063592513511
888,2020-07-15,133.42999267578125,0.0009751659493433262
889,2020-07-16,130.5500030517578,-0.021584274766629608
890,2020-07-17,130.3300018310547,-0.0016851874037560055
891,2020-07-20,127.19000244140624,-0.024092682770915586
892,2020-07-21,129.69000244140625,0.01965563292721617
893,2020-07-22,126.9800033569336,-0.020895975275326495
894,2020-07-23,128.66000366210938,0.013230432042542928
895,2020-07-24,127.41999816894533,-0.009637847488490614
896,2020-07-27,128.3300018310547,0.007141764834298625
897,2020-07-28,122.23999786376952,-0.04745580830975604
898,2020-07-29,124.05999755859376,0.014888741219159174
899,2020-07-30,124.79000091552734,0.005884276731416227
900,2020-07-31,122.41999816894533,-0.01899192827305385
901,2020-08-03,124.37999725341795,0.01601044856876843
902,2020-08-04,123.4499969482422,-0.007477088966973744
903,2020-08-05,127.8499984741211,0.03564197354920662
904,2020-08-06,127.0500030517578,-0.006257297081823765
905,2020-08-07,131.85000610351562,0.037780424529406664
906,2020-08-10,135.08999633789062,0.024573303635885058
907,2020-08-11,143.58999633789062,0.0629210173249215
908,2020-08-12,139.38999938964844,-0.02924992726066311
909,2020-08-13,136.11000061035156,-0.023531091137521387
910,2020-08-14,135.2899932861328,-0.006024592759838576
911,2020-08-17,132.4600067138672,-0.020917929726556483
912,2020-08-18,130.5800018310547,-0.01419300005679136
913,2020-08-19,129.99000549316406,-0.00451827484773637
914,2020-08-20,129.14999389648438,-0.006462124480207554
915,2020-08-21,127.80999755859376,-0.010375504461615725
916,2020-08-24,131.66000366210938,0.03012288691853393
917,2020-08-25,132.69000244140625,0.00782317143131972
918,2020-08-26,132.1999969482422,-0.003692859176639529
919,2020-08-27,133.11000061035156,0.006883537693769037
920,2020-08-28,133.83999633789062,0.005484153889202981
921,2020-08-31,132.0399932861328,-0.013448917371557179
922,2020-09-01,133.41000366210938,0.010375722853966929
923,2020-09-02,134.6199951171875,0.009069720574648166
924,2020-09-03,130.39999389648438,-0.0313475068620348
925,2020-09-04,130.9600067138672,0.004294577021432655
926,2020-09-08,127.79000091552734,-0.02420590742077422
927,2020-09-09,127.33000183105467,-0.0035996484950081564
928,2020-09-10,124.62000274658205,-0.021283272170751544
929,2020-09-11,124.83000183105467,0.0016851153895387494
930,2020-09-14,126.13999938964844,0.010494252498423506
931,2020-09-15,124.94000244140624,-0.009513215110580342
932,2020-09-16,127.02999877929688,0.016727999816318118
933,2020-09-17,129.0800018310547,0.016137944355329115
934,2020-09-18,124.5,-0.03548188538956787
935,2020-09-21,115.83000183105467,-0.06963853950960097
936,2020-09-22,117.5199966430664,0.014590302903359165
937,2020-09-23,113.4000015258789,-0.035057821944131096
938,2020-09-24,119.0,0.049382701929180595
939,2020-09-25,119.30999755859376,0.0026050215007880073
940,2020-09-28,122.75,0.028832474325689583
941,2020-09-29,121.88999938964844,-0.007006114951947584
942,2020-09-30,121.20999908447266,-0.00557880308951364
943,2020-10-01,122.25,0.00858015777066834
944,2020-10-02,121.75,-0.004089979550102263
945,2020-10-05,121.94000244140624,0.0015605950012833603
946,2020-10-06,120.86000061035156,-0.008856829665668031
947,2020-10-07,122.5999984741211,0.014396805022194537
948,2020-10-08,122.97000122070312,0.0030179669754248906
949,2020-10-09,125.87000274658205,0.02358299989502388
950,2020-10-12,127.7699966430664,0.015094890402995276
951,2020-10-13,124.5500030517578,-0.025201484510513517
952,2020-10-14,124.02999877929688,-0.004175064309270504
953,2020-10-15,125.30999755859376,0.010320074110252708
954,2020-10-16,125.77999877929688,0.0037507080828353967
955,2020-10-19,124.2699966430664,-0.012005105349699008
956,2020-10-20,125.63999938964844,0.011024404792711273
957,2020-10-21,125.7699966430664,0.0010346804683976085
958,2020-10-22,126.4000015258789,0.005009182632010667
959,2020-10-23,127.62999725341795,0.009730978739642016
960,2020-10-26,125.0199966430664,-0.02044974274479705
961,2020-10-27,122.58000183105467,-0.019516836326415432
962,2020-10-28,115.66999816894533,-0.05637137835609618
963,2020-10-29,118.70999908447266,0.026281671683673347
964,2020-10-30,119.0500030517578,0.0028641560939040023
965,2020-11-02,127.9499969482422,0.07475845164502082
966,2020-11-03,130.75999450683594,0.02196168523341524
967,2020-11-04,126.73999786376952,-0.030743322208202306
968,2020-11-05,127.51000213623048,0.0060754638270439365
969,2020-11-06,127.5500030517578,0.00031370806099251247
970,2020-11-09,145.77000427246094,0.14284594892020297
971,2020-11-10,154.83999633789062,0.06222125128347278
972,2020-11-11,156.97000122070312,0.013756167225452698
973,2020-11-12,157.24000549316406,0.0017201011044225556
974,2020-11-13,161.36000061035156,0.026201952259322647
975,2020-11-16,172.35000610351562,0.06810861087998177
976,2020-11-17,172.4499969482422,0.000580161538645374
977,2020-11-18,174.85000610351562,0.013917130749464546
978,2020-11-19,171.0500030517578,-0.021732930621163993
979,2020-11-20,168.5,-0.014907939235676126
980,2020-11-23,171.6199951171875,0.018516291496661674
981,2020-11-24,178.30999755859375,0.03898148602578688
982,2020-11-25,178.10000610351562,-0.0011776762826163356
983,2020-11-27,174.6300048828125,-0.019483442458088862
984,2020-11-30,168.83999633789062,-0.03315586315654817
985,2020-12-01,167.85000610351562,-0.005863481733284215
986,2020-12-02,169.14999389648438,0.007744937418513009
987,2020-12-03,168.30999755859375,-0.004965985032223452
988,2020-12-04,175.97999572753906,0.045570662944577345
989,2020-12-07,175.3699951171875,-0.003466306541432096
990,2020-12-08,181.00999450683597,0.03216057219982038
991,2020-12-09,179.52999877929688,-0.008176320493083034
992,2020-12-10,177.0,-0.01409234554948724
993,2020-12-11,176.10000610351562,-0.005084711279572773
994,2020-12-14,175.97999572753906,-0.0006814899024252252
995,2020-12-15,180.0800018310547,0.023298137305693967
996,2020-12-16,179.80999755859375,-0.0014993573396020476
997,2020-12-17,182.0,0.012179536572723748
998,2020-12-18,181.6000061035156,-0.002197768662002164
999,2020-12-21,179.1300048828125,-0.01360132785070034
1000,2020-12-22,177.14999389648438,-0.011053485917244643
1001,2020-12-23,178.92999267578125,0.010047975391616504
1002,2020-12-24,181.3999938964844,0.013804288391039865
1003,2020-12-28,182.80999755859372,0.007772898068088896
1004,2020-12-29,178.4199981689453,-0.024014000592288975
1005,2020-12-30,179.6300048828125,0.006781788623949181
1006,2020-12-31,179.0399932861328,-0.0032845937796672775
1007,2021-01-04,173.2899932861328,-0.03211572953318109
1008,2021-01-05,174.22000122070312,0.005366772292700661
1009,2021-01-06,185.72000122070312,0.06600849454381374
1010,2021-01-07,187.25999450683597,0.0082920163472473
1011,2021-01-08,185.9900054931641,-0.006781955841750897
1012,2021-01-11,186.30999755859372,0.0017204798966543589
1013,2021-01-12,186.1199951171875,-0.001019818817540763
1014,2021-01-13,182.5399932861328,-0.019234912556281736
1015,2021-01-14,187.75999450683597,0.028596479745240044
1016,2021-01-15,185.97999572753903,-0.00948018124932426
1017,2021-01-19,186.50999450683597,0.0028497622941845435
1018,2021-01-20,185.42999267578125,-0.005790584219952488
1019,2021-01-21,184.6699981689453,-0.0040985522129893814
1020,2021-01-22,184.77999877929688,0.000595660429101974
1021,2021-01-25,181.38999938964844,-0.018346138175363236
1022,2021-01-26,177.07000732421875,-0.023816043221599026
1023,2021-01-27,169.6300048828125,-0.04201729335100468
1024,2021-01-28,174.75,0.030183310557142295
1025,2021-01-29,167.3300018310547,-0.042460647604837254
1026,2021-02-01,174.7100067138672,0.044104492930465256
1027,2021-02-02,180.6300048828125,0.033884711473000095
1028,2021-02-03,179.57000732421875,-0.005868335990365736
1029,2021-02-04,179.97999572753906,0.0022831674923311507
1030,2021-02-05,179.83999633789062,-0.0007778608343805837
1031,2021-02-08,181.5800018310547,0.009675297645663106
1032,2021-02-09,184.83999633789065,0.017953488676958562
1033,2021-02-10,184.9600067138672,0.0006492662754502554
1034,2021-02-11,183.80999755859372,-0.006217609826607129
1035,2021-02-12,185.7400054931641,0.010500016104701526
1036,2021-02-16,185.97000122070312,0.0012382670439163856
1037,2021-02-17,184.0,-0.010593112909458968
1038,2021-02-18,184.1999969482422,0.001086939936098874
1039,2021-02-19,190.0800018310547,0.031921851141315294
1040,2021-02-22,195.44000244140625,0.02819865613803807
1041,2021-02-23,194.8000030517578,-0.003274659136582425
1042,2021-02-24,199.97000122070312,0.026540031252318075
1043,2021-02-25,199.66000366210935,-0.001550220316554607
1044,2021-02-26,199.05999755859372,-0.003005139199190987
1045,2021-03-01,202.69000244140625,0.01823573257979172
1046,2021-03-02,197.3800048828125,-0.026197629358304275
1047,2021-03-03,200.6300048828125,0.01646570027156291
1048,2021-03-04,192.69000244140625,-0.0395753488918269
1049,2021-03-05,194.8300018310547,0.011105918119956204
1050,2021-03-08,189.6300048828125,-0.026689918900433596
1051,2021-03-09,188.5200042724609,-0.005853507260296431
1052,2021-03-10,189.00999450683597,0.0025991418590618487
1053,2021-03-11,194.5399932861328,0.029257705624116337
1054,2021-03-12,201.0,0.033206574158588076
1055,2021-03-15,203.6199951171875,0.013034801578047261
1056,2021-03-16,200.00999450683597,-0.017729106654156945
1057,2021-03-17,203.3600006103516,0.01674919351793247
1058,2021-03-18,199.72999572753903,-0.017850141974418254
1059,2021-03-19,195.7700042724609,-0.019826723776032784
1060,2021-03-22,191.19000244140625,-0.02339480886295786
1061,2021-03-23,185.3500061035156,-0.03054551107964143
1062,2021-03-24,184.9499969482422,-0.0021581286328634652
1063,2021-03-25,189.05999755859372,0.022222225888988367
1064,2021-03-26,193.92999267578125,0.025758992806916847
1065,2021-03-29,189.25999450683597,-0.024080845383997684
1066,2021-03-30,192.33999633789065,0.016273919055532104
1067,2021-03-31,196.7700042724609,0.023032172293421027
1068,2021-04-01,198.13999938964844,0.006962418495913392
1069,2021-04-05,200.25999450683597,0.010699480789936322
1070,2021-04-06,198.33999633789065,-0.009587527322536538
1071,2021-04-07,195.38999938964844,-0.014873434520068396
1072,2021-04-08,195.6100006103516,0.00112595947279992
1073,2021-04-09,198.02999877929688,0.012371546247095244
1074,2021-04-12,196.6499938964844,-0.00696866581487221
1075,2021-04-13,193.69000244140625,-0.015052080076017105
1076,2021-04-14,195.16000366210935,0.007589453261263701
1077,2021-04-15,195.72999572753903,0.002920639755759291
1078,2021-04-16,202.47000122070312,0.03443522015167444
1079,2021-04-19,196.1100006103516,-0.03141206387122408
1080,2021-04-20,192.44000244140625,-0.01871397765296634
1081,2021-04-21,197.4499969482422,0.026034059671982135
1082,2021-04-22,195.92999267578125,-0.007698173187915436
1083,2021-04-23,201.3800048828125,0.02781612009780332
1084,2021-04-26,204.0,0.013010204854807306
1085,2021-04-27,202.6100006103516,-0.006813722498276498
1086,2021-04-28,201.5200042724609,-0.005379775601436876
1087,2021-04-29,202.44000244140625,0.004565294508933615
1088,2021-04-30,199.42999267578125,-0.014868651103164265
1089,2021-05-03,201.67999267578125,0.011282154553642787
1090,2021-05-04,202.0800018310547,0.0019833854115438587
1091,2021-05-05,202.7100067138672,0.0031176013316707163
1092,2021-05-06,203.02999877929688,0.0015785706419584322
1093,2021-05-07,205.0399932861328,0.009899987779741437
1094,2021-05-10,197.55999755859372,-0.03648066705260167
1095,2021-05-11,192.8999938964844,-0.023587789631993816
1096,2021-05-12,189.0800018310547,-0.019802966232749797
1097,2021-05-13,196.00999450683597,0.03665111386011777
1098,2021-05-14,196.8699951171875,0.004387534485245537
1099,2021-05-17,195.6300048828125,-0.00629852321394575
1100,2021-05-18,192.4600067138672,-0.016204048917977665
1101,2021-05-19,189.6100006103516,-0.014808303045280136
1102,2021-05-20,188.6100006103516,-0.005273983422715123
1103,2021-05-21,187.30999755859372,-0.00689254571629816
1104,2021-05-24,188.1199951171875,0.004324369062790767
1105,2021-05-25,188.91000366210935,0.004199492693106377
1106,2021-05-26,191.88999938964844,0.015774684610504908
1107,2021-05-27,194.16000366210935,0.011829716398359391
1108,2021-05-28,195.7899932861328,0.008395084431807476
1109,2021-06-01,198.2400054931641,0.012513469998697957
1110,2021-06-02,197.0800018310547,-0.005851511450595703
1111,2021-06-03,199.16000366210935,0.010554098902626041
1112,2021-06-04,199.8000030517578,0.0032134935623633343
1113,2021-06-07,199.8500061035156,0.00025026552049056683
1114,2021-06-08,203.05999755859372,0.016062003287683035
1115,2021-06-09,200.3000030517578,-0.013592014872547686
1116,2021-06-10,198.72999572753903,-0.007838279082866939
1117,2021-06-11,199.63999938964844,0.004579095665845134
1118,2021-06-14,200.72999572753903,0.005459809362968304
1119,2021-06-15,202.97999572753903,0.011209087071640367
1120,2021-06-16,203.22999572753903,0.0012316484641943237
1121,2021-06-17,197.3999938964844,-0.02868671925216515
1122,2021-06-18,190.67999267578125,-0.03404256042797593
1123,2021-06-21,196.5500030517578,0.030784616118364916
1124,2021-06-22,196.6999969482422,0.0007631335240676496
1125,2021-06-23,198.5,0.009151007014155832
1126,2021-06-24,204.22999572753903,0.02886647721682123
1127,2021-06-25,202.17999267578125,-0.010037717742954255
1128,2021-06-28,196.72000122070312,-0.0270055972542933
1129,2021-06-29,196.8999938964844,0.0009149688626697294
1130,2021-06-30,199.4199981689453,0.012798396904906584
1131,2021-07-01,201.7700042724609,0.01178420481944209
1132,2021-07-02,200.8699951171875,-0.0044605696397670425
1133,2021-07-06,196.58999633789065,-0.021307307628498195
1134,2021-07-07,196.7400054931641,0.0007630558933202636
1135,2021-07-08,193.7400054931641,-0.015248550961864393
1136,2021-07-09,198.2400054931641,0.023227004606226176
1137,2021-07-12,199.50999450683597,0.006406320512918118
1138,2021-07-13,194.6999969482422,-0.024109055641465482
1139,2021-07-14,195.5,0.004108901203375259
1140,2021-07-15,197.1499938964844,0.008439866478181068
1141,2021-07-16,195.22999572753903,-0.009738768594400704
1142,2021-07-19,193.0,-0.011422403197975717
1143,2021-07-20,202.1100006103516,0.047202075701303636
1144,2021-07-21,203.3699951171875,0.0062342016873526696
1145,2021-07-22,202.5,-0.004277893190124615
1146,2021-07-23,206.50999450683597,0.019802442009066556
1147,2021-07-26,240.0,0.16217135433634144
1148,2021-07-27,231.4900054931641,-0.03545831044514958
1149,2021-07-28,231.8699951171875,0.0016414947298215576
1150,2021-07-29,234.5500030517578,0.011558235179225385
1151,2021-07-30,235.0,0.0019185544335418303
1152,2021-08-02,228.6999969482422,-0.026808523624501368
1153,2021-08-03,230.0500030517578,0.0059029563687365005
1154,2021-08-04,230.1699981689453,0.0005216045016114279
1155,2021-08-05,228.44000244140625,-0.007516165187911428
1156,2021-08-06,231.6100006103516,0.013876720955465993
1157,2021-08-09,223.41000366210935,-0.035404330238906545
1158,2021-08-10,225.3300018310547,0.008594056387238647
1159,2021-08-11,230.19000244140625,0.021568368929386628
1160,2021-08-12,226.6100006103516,-0.01555237757107164
1161,2021-08-13,227.0500030517578,0.0019416726544332352
1162,2021-08-16,224.19000244140625,-0.012596346936404101
1163,2021-08-17,222.97999572753903,-0.0053972376140343226
1164,2021-08-18,220.58999633789065,-0.01071844755333451
1165,2021-08-19,221.5500030517578,0.004351995692482236
