,Date,High,Low,Open,Close,Volume,Adj Close,daily_return
0,2020-01-01,7254.33056640625,7174.9443359375,7194.89208984375,7200.17431640625,18565664997.0,7200.17431640625,
1,2020-01-02,7212.1552734375,6935.27001953125,7202.55126953125,6985.47021484375,20802083465.0,6985.47021484375,-0.029819292162590716
2,2020-01-03,7413.71533203125,6914.99609375,6984.4287109375,7344.88427734375,28111481032.0,7344.88427734375,0.05145166344511276
3,2020-01-04,7427.3857421875,7309.51416015625,7345.37548828125,7410.65673828125,18444271275.0,7410.65673828125,0.008954866877941559
4,2020-01-05,7544.4970703125,7400.53564453125,7410.45166015625,7411.3173828125,19725074095.0,7411.3173828125,8.914790612779555e-05
5,2020-01-06,7781.8671875,7409.29296875,7410.4521484375,7769.21923828125,23276261598.0,7769.21923828125,0.04829126010697582
6,2020-01-07,8178.2158203125,7768.2275390625,7768.68212890625,8163.6923828125,28767291327.0,8163.6923828125,0.050773846435889336
7,2020-01-08,8396.73828125,7956.7744140625,8161.935546875,8079.86279296875,31672559265.0,8079.86279296875,-0.010268587535248286
8,2020-01-09,8082.2958984375,7842.40380859375,8082.2958984375,7879.0712890625,24045990466.0,7879.0712890625,-0.024850855645838776
9,2020-01-10,8166.55419921875,7726.77490234375,7878.3076171875,8166.55419921875,28714583844.0,8166.55419921875,0.03648690303834745
10,2020-01-11,8218.359375,8029.64208984375,8162.19091796875,8037.53759765625,25521165085.0,8037.53759765625,-0.015798168776598898
11,2020-01-12,8200.0634765625,8009.05908203125,8033.26171875,8192.494140625,22903438381.0,8192.494140625,0.019279106453440997
12,2020-01-13,8197.7880859375,8079.70068359375,8189.77197265625,8144.1943359375,22482910688.0,8144.1943359375,-0.005895616628883604
13,2020-01-14,8879.51171875,8140.93310546875,8140.93310546875,8827.7646484375,44841784107.0,8827.7646484375,0.08393344808628167
14,2020-01-15,8890.1171875,8657.1875,8825.34375,8807.0107421875,40102834650.0,8807.0107421875,-0.002350980919464507
15,2020-01-16,8846.4609375,8612.095703125,8812.4814453125,8723.7861328125,31313981931.0,8723.7861328125,-0.009449813541879348
16,2020-01-17,8958.1220703125,8677.31640625,8725.2099609375,8929.0380859375,36372139320.0,8929.0380859375,0.02352785247141642
17,2020-01-18,9012.1982421875,8827.33203125,8927.2119140625,8942.80859375,32337772627.0,8942.80859375,0.0015422162701026476
18,2020-01-19,9164.3623046875,8620.080078125,8941.4453125,8706.2451171875,34217320471.0,8706.2451171875,-0.026452928527155417
19,2020-01-20,8745.5908203125,8560.4736328125,8704.6318359375,8657.642578125,26422375678.0,8657.642578125,-0.005582491465413786
20,2020-01-21,8755.7060546875,8544.5205078125,8658.9912109375,8745.89453125,24097418512.0,8745.89453125,0.010193531591149663
21,2020-01-22,8792.994140625,8636.7470703125,8744.2109375,8680.8759765625,22600204051.0,8680.8759765625,-0.007434180055016837
22,2020-01-23,8687.7470703125,8333.6376953125,8680.650390625,8406.515625,25770680779.0,8406.515625,-0.03160514587505292
23,2020-01-24,8514.6669921875,8266.8408203125,8405.5673828125,8445.4345703125,24397913026.0,8445.4345703125,0.004629616722148233
24,2020-01-25,8458.453125,8296.21875,8440.119140625,8367.84765625,19647331549.0,8367.84765625,-0.00918684685986848
25,2020-01-26,8602.4013671875,8325.498046875,8364.41015625,8596.830078125,22177678796.0,8596.830078125,0.027364554337216074
26,2020-01-27,8977.7265625,8597.30859375,8597.30859375,8909.8193359375,28647338393.0,8909.8193359375,0.036407519395889265
27,2020-01-28,9358.58984375,8908.447265625,8912.5244140625,9358.58984375,34398744403.0,9358.58984375,0.05036808165148732
28,2020-01-29,9406.431640625,9269.4677734375,9357.470703125,9316.6298828125,30682598115.0,9316.6298828125,-0.004483577295090302
29,2020-01-30,9553.1259765625,9230.8974609375,9316.0166015625,9508.9931640625,32378792851.0,9508.9931640625,0.02064730312029206
30,2020-01-31,9521.7060546875,9230.7763671875,9508.3134765625,9350.529296875,29432489719.0,9350.529296875,-0.016664631518128026
31,2020-02-01,9439.3232421875,9313.2392578125,9346.357421875,9392.875,25922656496.0,9392.875,0.00452869583961979
32,2020-02-02,9468.7978515625,9217.82421875,9389.8203125,9344.365234375,30835736946.0,9344.365234375,-0.0051645279666768795
33,2020-02-03,9540.3720703125,9248.6337890625,9344.68359375,9293.521484375,30934096509.0,9293.521484375,-0.005441113304621492
34,2020-02-04,9331.265625,9112.8115234375,9292.841796875,9180.962890625,29893183716.0,9180.962890625,-0.012111511652417528
35,2020-02-05,9701.2998046875,9163.7041015625,9183.416015625,9613.423828125,35222060874.0,9613.423828125,0.047104093835473426
36,2020-02-06,9824.619140625,9539.818359375,9617.8212890625,9729.8017578125,37628823716.0,9729.8017578125,0.012105773319493585
37,2020-02-07,9834.716796875,9726.0029296875,9726.0029296875,9795.943359375,34522718159.0,9795.943359375,0.006797836503646293
38,2020-02-08,9876.7490234375,9678.91015625,9793.0703125,9865.119140625,35172043762.0,9865.119140625,0.007061676319697785
39,2020-02-09,10129.435546875,9850.392578125,9863.89453125,10116.673828125,35807884663.0,10116.673828125,0.02549940694219166
40,2020-02-10,10165.765625,9784.5634765625,10115.5595703125,9856.611328125,39386548075.0,9856.611328125,-0.025706324471686526
41,2020-02-11,10210.052734375,9729.3349609375,9855.8916015625,10208.236328125,37648059389.0,10208.236328125,0.03567402510806805
42,2020-02-12,10393.611328125,10202.3876953125,10202.3876953125,10326.0546875,43444303830.0,10326.0546875,0.011541499979814906
43,2020-02-13,10457.626953125,10116.1611328125,10323.9609375,10214.3798828125,49356071373.0,10214.3798828125,-0.010814856987217514
44,2020-02-14,10321.99609375,10125.5341796875,10211.55078125,10312.1162109375,43338264162.0,10312.1162109375,0.009568503349817403
45,2020-02-15,10341.5556640625,9874.427734375,10313.8564453125,9889.4248046875,43865054831.0,9889.4248046875,-0.0409897830477971
46,2020-02-16,10053.96875,9722.38671875,9889.1796875,9934.43359375,43374780305.0,9934.43359375,0.004551203932625647
47,2020-02-17,9938.8154296875,9507.6376953125,9936.560546875,9690.142578125,45998298413.0,9690.142578125,-0.024590331529186438
48,2020-02-18,10161.935546875,9632.3828125,9691.23046875,10141.99609375,47271023953.0,10141.99609375,0.0466302236506857
49,2020-02-19,10191.67578125,9611.2236328125,10143.798828125,9633.38671875,46992019710.0,9633.38671875,-0.05014884351152826
50,2020-02-20,9643.216796875,9507.900390625,9629.3251953125,9608.4755859375,44925260237.0,9608.4755859375,-0.0025859164113087862
51,2020-02-21,9723.0146484375,9589.7431640625,9611.7822265625,9686.44140625,40930547513.0,9686.44140625,0.008114275736580634
52,2020-02-22,9698.2314453125,9600.728515625,9687.70703125,9663.181640625,35838025154.0,9663.181640625,-0.002401270461409255
53,2020-02-23,9937.404296875,9657.791015625,9663.318359375,9924.515625,41185185761.0,9924.515625,0.02704430011708836
54,2020-02-24,9951.74609375,9537.04296875,9921.5830078125,9650.1748046875,45080496648.0,9650.1748046875,-0.027642741538078885
55,2020-02-25,9652.7373046875,9305.021484375,9651.3125,9341.705078125,42515259129.0,9341.705078125,-0.031965195740564556
56,2020-02-26,9354.7783203125,8704.4267578125,9338.2900390625,8820.5224609375,50420050762.0,8820.5224609375,-0.05579095174048332
57,2020-02-27,8932.892578125,8577.19921875,8825.09375,8784.494140625,45470195695.0,8784.494140625,-0.0040846016176541156
58,2020-02-28,8890.4560546875,8492.9326171875,8788.728515625,8672.455078125,44605450443.0,8672.455078125,-0.012754184897438958
59,2020-02-29,8775.6318359375,8599.5087890625,8671.212890625,8599.5087890625,35792392544.0,8599.5087890625,-0.008411261679117432
60,2020-03-01,8726.796875,8471.212890625,8599.7587890625,8562.4541015625,35349164300.0,8562.4541015625,-0.0043089307085921735
61,2020-03-02,8921.30859375,8532.630859375,8563.2646484375,8869.669921875,42857674409.0,8869.669921875,0.03587941221856461
62,2020-03-03,8901.5986328125,8704.990234375,8865.3876953125,8787.7861328125,42386715821.0,8787.7861328125,-0.009231886844013548
63,2020-03-04,8843.3662109375,8712.431640625,8788.5419921875,8755.24609375,34746706368.0,8755.24609375,-0.0037028710724991143
64,2020-03-05,9142.0546875,8757.25390625,8760.28515625,9078.7626953125,39698054597.0,9078.7626953125,0.03695117168590434
65,2020-03-06,9167.6953125,9032.0791015625,9078.30859375,9122.5458984375,40826885651.0,9122.5458984375,0.004822595830994203
66,2020-03-07,9163.220703125,8890.744140625,9121.6005859375,8909.9541015625,36216930370.0,8909.9541015625,-0.02330399860322019
67,2020-03-08,8914.34375,8105.2529296875,8908.2060546875,8108.1162109375,39973102121.0,8108.1162109375,-0.08999349283790192
68,2020-03-09,8177.79345703125,7690.09814453125,8111.146484375,7923.64453125,46936995808.0,7923.64453125,-0.022751484424786028
69,2020-03-10,8136.9453125,7814.76318359375,7922.14697265625,7909.7294921875,42213940994.0,7909.7294921875,-0.0017561412564156553
70,2020-03-11,7950.814453125,7642.8125,7910.08984375,7911.43017578125,38682762605.0,7911.43017578125,0.00021501160000858555
71,2020-03-12,7929.1162109375,4860.35400390625,7913.6162109375,4970.7880859375,53980357243.0,4970.7880859375,-0.37169538560117077
72,2020-03-13,5838.11474609375,4106.98095703125,5017.8310546875,5563.70703125,74156772075.0,5563.70703125,0.11928067241286833
73,2020-03-14,5625.2265625,5125.0693359375,5573.07763671875,5200.3662109375,36154506008.0,5200.3662109375,-0.06530552710121185
74,2020-03-15,5836.64501953125,5169.283203125,5201.06689453125,5392.31494140625,33997889639.0,5392.31494140625,0.036910617960911996
75,2020-03-16,5385.2294921875,4575.35791015625,5385.2294921875,5014.47998046875,45368026430.0,5014.47998046875,-0.07006915676163483
76,2020-03-17,5371.3486328125,4981.9091796875,5002.578125,5225.62939453125,38622642935.0,5225.62939453125,0.04210793838741411
77,2020-03-18,5331.833984375,5069.3359375,5227.11376953125,5238.4384765625,37878801016.0,5238.4384765625,0.0024512036855608432
78,2020-03-19,6329.73583984375,5236.96875,5245.41650390625,6191.19287109375,51000731797.0,6191.19287109375,0.18187755736638023
79,2020-03-20,6844.26171875,5865.78173828125,6191.65380859375,6198.7783203125,54442976103.0,6198.7783203125,0.001225199953657663
80,2020-03-21,6378.13525390625,5932.8232421875,6206.521484375,6185.06640625,42494390880.0,6185.06640625,-0.00221203491300348
81,2020-03-22,6359.697265625,5823.7138671875,6185.55810546875,5830.2548828125,40099664740.0,5830.2548828125,-0.05736583896317804
82,2020-03-23,6443.9345703125,5785.00439453125,5831.37451171875,6416.31494140625,46491916000.0,6416.31494140625,0.10052048673231173
83,2020-03-24,6789.02294921875,6411.06640625,6436.642578125,6734.8037109375,48221910672.0,6734.8037109375,0.04963733427047878
84,2020-03-25,6892.51123046875,6536.92626953125,6738.716796875,6681.06298828125,44590107888.0,6681.06298828125,-0.007979552925792555
85,2020-03-26,6735.4638671875,6590.962890625,6675.1708984375,6716.4404296875,35319797642.0,6716.4404296875,0.005295181540467819
86,2020-03-27,6793.83642578125,6466.70166015625,6719.38916015625,6469.79833984375,34585598367.0,6469.79833984375,-0.03672214358569481
87,2020-03-28,6467.5009765625,6117.837890625,6467.25390625,6242.19384765625,34885225901.0,6242.19384765625,-0.035179534234601295
88,2020-03-29,6250.46728515625,5920.0859375,6245.62451171875,5922.04296875,28373690931.0,5922.04296875,-0.051288198783903005
89,2020-03-29,6517.19580078125,5903.234375,5925.53857421875,6429.841796875,37101651525.0,6429.841796875,0.08574723804008189
90,2020-03-30,6504.51513671875,6374.162109375,6430.6064453125,6438.64453125,32786468812.0,6438.64453125,0.0013690436954885143
91,2020-03-31,6612.57373046875,6202.37353515625,6437.3193359375,6606.7763671875,40346426266.0,6606.7763671875,0.026112924097839496
92,2020-04-01,7088.24755859375,6595.91845703125,6606.7763671875,6793.62451171875,47660646124.0,6793.62451171875,0.028281287899985408
93,2020-04-02,7003.220703125,6673.3359375,6797.396484375,6733.38720703125,38976504903.0,6733.38720703125,-0.008866740365705117
94,2020-04-03,6878.95361328125,6696.48486328125,6738.3828125,6867.52734375,33185988584.0,6867.52734375,0.01992164308903499
95,2020-04-04,6883.4140625,6715.92919921875,6862.53759765625,6791.12939453125,29510409856.0,6791.12939453125,-0.011124520572645125
96,2020-04-05,7271.78125,6782.8896484375,6788.0498046875,7271.78125,46896904615.0,7271.78125,0.0707764242948763
97,2020-04-06,7427.939453125,7136.71435546875,7273.64404296875,7176.41455078125,44243482668.0,7176.41455078125,-0.013114627068677276
98,2020-04-07,7356.2236328125,7153.3056640625,7179.283203125,7334.0986328125,37563249549.0,7334.0986328125,0.02197254365887824
99,2020-04-08,7341.4482421875,7179.09423828125,7337.96630859375,7302.08935546875,34815139178.0,7302.08935546875,-0.004364445986660415
100,2020-04-09,7303.8154296875,6802.47509765625,7303.8154296875,6865.4931640625,43622840992.0,6865.4931640625,-0.05979058460566089
101,2020-04-10,6926.06982421875,6789.9208984375,6867.4404296875,6859.0830078125,31222085946.0,6859.0830078125,-0.0009336774645052337
102,2020-04-11,7119.947265625,6811.078125,6858.06787109375,6971.091796875,35759567632.0,6971.091796875,0.016329994685138294
103,2020-04-12,6965.61669921875,6668.259765625,6965.61669921875,6845.03759765625,38619308647.0,6845.03759765625,-0.018082418492216368
104,2020-04-13,6958.55712890625,6793.8212890625,6843.28173828125,6842.427734375,34110434052.0,6842.427734375,-0.0003812781513637953
105,2020-04-14,6928.66455078125,6633.40283203125,6845.5615234375,6642.10986328125,32288311031.0,6642.10986328125,-0.029275847531044064
106,2020-04-15,7134.45068359375,6555.50439453125,6640.4541015625,7116.80419921875,46783242377.0,7116.80419921875,0.07146740203164859
107,2020-04-17,7269.95654296875,7089.2470703125,7092.29150390625,7257.6650390625,32447188386.0,7257.6650390625,0.019792709747334714
108,2020-04-18,7280.52197265625,7167.0546875,7260.92236328125,7189.4248046875,31311210215.0,7189.4248046875,-0.009402505352301915
109,2020-04-19,7240.29052734375,6835.5029296875,7186.87353515625,6881.95849609375,37747113936.0,6881.95849609375,-0.04276646838190479
110,2020-04-20,6934.5517578125,6834.4423828125,6879.7841796875,6880.3232421875,32589741511.0,6880.3232421875,-0.00023761461322069355
111,2020-04-21,7145.86572265625,6867.78173828125,6879.4404296875,7117.20751953125,33249153866.0,7117.20751953125,0.034429236680519004
112,2020-04-22,7491.78515625,7081.5947265625,7121.30615234375,7429.724609375,43500782316.0,7429.724609375,0.043910071328696176
113,2020-04-23,7574.19580078125,7434.181640625,7434.181640625,7550.90087890625,34636526286.0,7550.90087890625,0.016309658285092787
114,2020-04-24,7641.36376953125,7521.67236328125,7550.48291015625,7569.93603515625,32941541447.0,7569.93603515625,0.002520911948821203
115,2020-04-25,7700.59423828125,7561.40771484375,7570.13916015625,7679.8671875,33070154491.0,7679.8671875,0.014522071498782596
116,2020-04-26,7795.60107421875,7679.4189453125,7679.4189453125,7795.60107421875,36162144725.0,7795.60107421875,0.015069777105927384
117,2020-04-27,7814.52734375,7730.806640625,7796.97021484375,7807.05859375,33187959921.0,7807.05859375,0.001469741643032707
118,2020-04-28,8871.75390625,7786.04931640625,7806.71240234375,8801.0380859375,60201052203.0,8801.0380859375,0.1273180520232342
119,2020-04-29,9440.650390625,8533.255859375,8797.669921875,8658.5537109375,66964629541.0,8658.5537109375,-0.01618949646720247
120,2020-04-30,9048.0234375,8667.763671875,8672.7822265625,8864.7666015625,44068389997.0,8864.7666015625,0.023816089558295506
121,2020-05-01,9007.1875,8811.3662109375,8869.0576171875,8988.5966796875,40134388683.0,8988.5966796875,0.013968791699848548
122,2020-05-02,9167.78125,8830.9716796875,8983.6142578125,8897.46875,47101785174.0,8897.46875,-0.010138170944239966
123,2020-05-03,8956.90625,8645.0244140625,8895.7451171875,8912.654296875,45718796276.0,8912.654296875,0.0017067266322232655
124,2020-05-04,9062.4150390625,8856.8271484375,8912.83203125,9003.0703125,43148462663.0,9003.0703125,0.010144678859214995
125,2020-05-05,9411.4677734375,8966.7060546875,9007.44140625,9268.76171875,49371886931.0,9268.76171875,0.029511199738283755
126,2020-05-06,9992.6640625,9138.322265625,9261.8955078125,9951.5185546875,61112700562.0,9951.5185546875,0.07366214135771076
127,2020-05-07,9996.7431640625,9767.1728515625,9936.162109375,9842.666015625,51780748042.0,9842.666015625,-0.010938284289408906
128,2020-05-08,9913.86328125,9580.64453125,9840.90625,9593.896484375,46566121841.0,9593.896484375,-0.025274608612654736
129,2020-05-09,9595.5810546875,8395.107421875,9591.1689453125,8756.4306640625,63325279337.0,8756.4306640625,-0.0872915214038874
130,2020-05-10,9033.470703125,8374.3232421875,8755.53515625,8601.7958984375,57119858802.0,8601.7958984375,-0.017659566044374797
131,2020-05-11,8949.8984375,8569.6435546875,8610.3857421875,8804.4775390625,42142717533.0,8804.4775390625,0.023562712138033515
132,2020-05-12,9317.87890625,8805.3876953125,8805.3876953125,9269.9873046875,45558144023.0,9269.9873046875,0.05287193516704303
133,2020-05-13,9793.2685546875,9255.03515625,9271.3291015625,9733.7216796875,56426907637.0,9733.7216796875,0.05002535168149658
134,2020-05-14,9755.828125,9261.3984375,9734.291015625,9328.197265625,48158802327.0,9328.197265625,-0.04166180495059313
135,2020-05-15,9564.205078125,9260.6943359375,9333.240234375,9377.013671875,36164766408.0,9377.013671875,0.005233209039209763
136,2020-05-16,9823.001953125,9349.5458984375,9374.9296875,9670.7392578125,40084250663.0,9670.7392578125,0.03132400103227817
137,2020-05-17,9906.0302734375,9570.359375,9675.6953125,9726.5751953125,41827139896.0,9726.5751953125,0.005773698991511145
138,2020-05-18,9836.0478515625,9539.6240234375,9727.0634765625,9729.0380859375,39254288955.0,9729.0380859375,0.00025321252090737545
139,2020-05-19,9804.7939453125,9447.201171875,9725.3291015625,9522.9814453125,36546239703.0,9522.9814453125,-0.02117954918100662
140,2020-05-20,9555.2421875,8869.9306640625,9522.740234375,9081.76171875,39326160532.0,9081.76171875,-0.04633209978369557
141,2020-05-21,9232.9365234375,9008.638671875,9080.3349609375,9182.5771484375,29810773699.0,9182.5771484375,0.01110086707949609
142,2020-05-22,9302.501953125,9118.1083984375,9185.0625,9209.287109375,27727866812.0,9209.287109375,0.0029087652089092586
143,2020-05-23,9288.404296875,8787.2509765625,9212.283203125,8790.3681640625,32518803300.0,8790.3681640625,-0.045488748514099786
144,2020-05-24,8951.005859375,8719.66796875,8786.107421875,8906.9345703125,31288157264.0,8906.9345703125,0.013260696716498988
145,2020-05-25,8991.9677734375,8757.2939453125,8909.5859375,8835.052734375,29584186947.0,8835.052734375,-0.008070322664891605
146,2020-05-26,9203.3203125,8834.1572265625,8837.380859375,9181.017578125,32740536902.0,9181.017578125,0.039158209254817056
147,2020-05-27,9546.3193359375,9148.45703125,9184.9453125,9525.7509765625,34367073114.0,9525.7509765625,0.037548495632866885
148,2020-05-28,9573.6669921875,9379.3388671875,9528.35546875,9439.1240234375,32896642044.0,9439.1240234375,-0.009093976247976698
149,2020-05-29,9704.0302734375,9366.7294921875,9438.9140625,9700.4140625,32722975141.0,9700.4140625,0.02768159825145977
150,2020-05-30,9700.34375,9432.296875,9700.10546875,9461.05859375,27773290299.0,9461.05859375,-0.024674768232348376
151,2020-05-31,10199.5654296875,9450.8994140625,9463.60546875,10167.2685546875,35198901068.0,10167.2685546875,0.07464386293982206
152,2020-06-01,10182.3408203125,9460.5712890625,10162.9736328125,9529.8037109375,39137252109.0,9529.8037109375,-0.06269774820259899
153,2020-06-02,9682.859375,9471.8466796875,9533.7607421875,9656.7177734375,25007459262.0,9656.7177734375,0.013317594606312655
154,2020-06-03,9887.6103515625,9525.2470703125,9655.8544921875,9800.63671875,25921805072.0,9800.63671875,0.014903505382374727
155,2020-06-04,9869.2373046875,9663.216796875,9800.2158203125,9665.533203125,23509628646.0,9665.533203125,-0.013785177382049874
156,2020-06-05,9773.431640625,9591.0244140625,9664.904296875,9653.6796875,20438419222.0,9653.6796875,-0.0012263695520872142
157,2020-06-06,9768.498046875,9458.150390625,9653.0029296875,9758.8525390625,25015250846.0,9758.8525390625,0.010894586827723485
158,2020-06-07,9782.306640625,9675.8857421875,9760.0634765625,9771.4892578125,21486346312.0,9771.4892578125,0.0012948980117710729
159,2020-06-08,9836.369140625,9664.7197265625,9774.3603515625,9795.7001953125,23717842783.0,9795.7001953125,0.0024777121338637187
160,2020-06-09,9908.896484375,9728.291015625,9794.119140625,9870.0947265625,25706567601.0,9870.0947265625,0.007594610876882513
161,2020-06-10,9938.2978515625,9263.0693359375,9870.078125,9321.78125,30247143440.0,9321.78125,-0.05555301055894357
162,2020-06-11,9540.4658203125,9285.8515625,9320.6904296875,9480.84375,22610564515.0,9480.84375,0.01706353064227928
163,2020-06-12,9493.2119140625,9396.009765625,9480.7353515625,9475.27734375,17564322315.0,9475.27734375,-0.0005871213994007585
164,2020-06-13,9482.2705078125,9347.59375,9477.5537109375,9386.7880859375,18991732746.0,9386.7880859375,-0.009338962291258746
165,2020-06-14,9504.8603515625,8990.17578125,9386.03515625,9450.7021484375,26699704768.0,9450.7021484375,0.006808938469139436
166,2020-06-15,9579.4306640625,9400.4453125,9454.2666015625,9538.0244140625,21565537209.0,9538.0244140625,0.009239764861221245
167,2020-06-16,9540.4228515625,9327.33984375,9533.7841796875,9480.2548828125,20177709879.0,9480.2548828125,-0.006056760681470541
168,2020-06-17,9482.7822265625,9328.3955078125,9481.5673828125,9411.8408203125,17770083003.0,9411.8408203125,-0.007216479234543938
169,2020-06-18,9440.8759765625,9274.2958984375,9410.2939453125,9288.0185546875,19632223107.0,9288.0185546875,-0.013156009327927487
170,2020-06-19,9394.9716796875,9247.3798828125,9290.9599609375,9332.3408203125,17130541557.0,9332.3408203125,0.004771982890003024
171,2020-06-20,9401.107421875,9300.4306640625,9330.9267578125,9303.6298828125,15324301169.0,9303.6298828125,-0.0030764990320015784
172,2020-06-21,9655.0732421875,9296.8720703125,9300.9150390625,9648.7177734375,21104009514.0,9648.7177734375,0.03709174751916078
173,2020-06-22,9670.541015625,9547.2470703125,9644.076171875,9629.658203125,17006433272.0,9629.658203125,-0.0019753474772544743
174,2020-06-23,9680.3671875,9278.2333984375,9632.1494140625,9313.6103515625,18961716076.0,9313.6103515625,-0.03282025643027875
175,2020-06-24,9340.1611328125,9095.32421875,9314.126953125,9264.8134765625,18616048626.0,9264.8134765625,-0.005239308190707503
176,2020-06-25,9310.5166015625,9101.73828125,9260.9951171875,9162.91796875,18341465837.0,9162.91796875,-0.010998117562784016
177,2020-06-26,9207.810546875,8998.216796875,9167.82421875,9045.390625,17273093144.0,9045.390625,-0.012826410118569775
178,2020-06-27,9197.546875,8975.525390625,9048.4609375,9143.58203125,14560870760.0,9143.58203125,0.010855408054862181
179,2020-06-28,9237.5732421875,9041.8759765625,9140.029296875,9190.8544921875,16460547078.0,9190.8544921875,0.005170015512075743
180,2020-06-29,9217.8359375,9084.837890625,9185.5810546875,9137.9931640625,15735797744.0,9137.9931640625,-0.005751513982724221
181,2020-06-30,9309.7548828125,9104.7353515625,9145.9853515625,9228.3251953125,15971550355.0,9228.3251953125,0.00988532488788163
182,2020-07-01,9274.962890625,9036.623046875,9231.1396484375,9123.41015625,16338916796.0,9123.41015625,-0.011368806022981404
183,2020-07-02,9202.3447265625,9058.794921875,9124.8427734375,9087.3037109375,13078970999.0,9087.3037109375,-0.00395756024273064
184,2020-07-03,9183.2958984375,9053.6298828125,9084.2333984375,9132.48828125,12290528515.0,9132.48828125,0.004972274697731871
185,2020-07-04,9162.18359375,8977.015625,9126.0908203125,9073.9423828125,12903406143.0,9073.9423828125,-0.00641072801130238
186,2020-07-05,9375.474609375,9058.6640625,9072.849609375,9375.474609375,17889263252.0,9375.474609375,0.0332305643833104
187,2020-07-06,9360.6171875,9201.8154296875,9349.1611328125,9252.27734375,13839652595.0,9252.27734375,-0.01314037643510968
188,2020-07-07,9450.3359375,9249.5,9253.0205078125,9428.3330078125,19702359883.0,9428.3330078125,0.019028359994139876
189,2020-07-08,9431.37890625,9234.9990234375,9427.994140625,9277.9677734375,18000702524.0,9277.9677734375,-0.015948231171979632
190,2020-07-09,9287.4716796875,9118.001953125,9273.357421875,9278.8076171875,16860035605.0,9278.8076171875,9.052022711308894e-05
191,2020-07-10,9293.5322265625,9199.4853515625,9277.51171875,9240.3466796875,13249910444.0,9240.3466796875,-0.004145030168397623
192,2020-07-11,9319.4189453125,9197.4501953125,9241.0546875,9276.5,14452361907.0,9276.5,0.003912550206798482
193,2020-07-12,9306.4052734375,9224.29296875,9277.205078125,9243.6142578125,17519821266.0,9243.6142578125,-0.003545059255915528
194,2020-07-13,9283.841796875,9171.6611328125,9238.703125,9243.2138671875,18085038362.0,9243.2138671875,-4.331537576462985e-05
195,2020-07-14,9275.3251953125,9171.93359375,9241.8974609375,9192.8369140625,15844731575.0,9192.8369140625,-0.005450155524782674
196,2020-07-15,9214.3125,9088.947265625,9191.98046875,9132.2275390625,15713967523.0,9132.2275390625,-0.006593108913667822
197,2020-07-16,9182.25390625,9089.2021484375,9131.8125,9151.392578125,13944570749.0,9151.392578125,0.002098616025556055
198,2020-07-17,9230.9833984375,9100.82421875,9151.18359375,9159.0400390625,12252601475.0,9159.0400390625,0.0008356608977502233
199,2020-07-18,9201.3984375,9097.6328125,9158.005859375,9185.8173828125,12939002784.0,9185.8173828125,0.002923597193133398
200,2020-07-19,9214.2705078125,9137.509765625,9187.220703125,9164.2314453125,13755604146.0,9164.2314453125,-0.0023499201650132306
201,2020-07-20,9407.2626953125,9149.3896484375,9162.5146484375,9374.8876953125,18069581956.0,9374.8876953125,0.02298678850016933
202,2020-07-21,9530.5185546875,9319.6533203125,9375.080078125,9525.36328125,16532254884.0,9525.36328125,0.016050921443329758
203,2020-07-22,9610.2470703125,9483.00390625,9527.1416015625,9581.072265625,18146399002.0,9581.072265625,0.00584848921034431
204,2020-07-23,9623.3369140625,9481.4541015625,9585.5146484375,9536.892578125,16552768325.0,9536.892578125,-0.004611142289210002
205,2020-07-24,9704.556640625,9530.2119140625,9539.4853515625,9677.11328125,16610070933.0,9677.11328125,0.014702976045533722
206,2020-07-25,10023.8076171875,9652.84765625,9680.234375,9905.1669921875,20507998997.0,9905.1669921875,0.023566295475673238
207,2020-07-26,11298.2216796875,9903.9697265625,9905.2177734375,10990.873046875,35359749590.0,10990.873046875,0.1096100707382146
208,2020-07-27,11204.3271484375,10632.6318359375,11017.4638671875,10912.8232421875,28766551142.0,10912.8232421875,-0.007101328925793737
209,2020-07-28,11304.3974609375,10856.1416015625,10912.953125,11100.4677734375,24617249715.0,11100.4677734375,0.017194865809297744
210,2020-07-29,11169.3564453125,10895.455078125,11099.8330078125,11111.2138671875,22857247901.0,11111.2138671875,0.0009680757576464583
211,2020-07-30,11415.8642578125,10987.0537109375,11110.2109375,11323.466796875,23160469766.0,11323.466796875,0.0191025870102548
212,2020-07-31,11794.775390625,11239.6826171875,11322.5703125,11759.5927734375,26075670303.0,11759.5927734375,0.03851523428168302
213,2020-08-01,12034.14453125,11018.1298828125,11758.7646484375,11053.6142578125,27410067336.0,11053.6142578125,-0.060034265575901635
214,2020-08-02,11453.0791015625,11012.4150390625,11043.7685546875,11246.3486328125,20271713443.0,11246.3486328125,0.017436321777176023
215,2020-08-03,11385.3818359375,11094.1455078125,11246.203125,11205.892578125,21250197042.0,11205.892578125,-0.00359726129861071
216,2020-08-04,11786.6171875,11158.28515625,11203.8232421875,11747.0224609375,24411254471.0,11747.0224609375,0.04828976175167332
217,2020-08-05,11902.3359375,11598.7138671875,11749.87109375,11779.7734375,23400740340.0,11779.7734375,0.002788023660583505
218,2020-08-06,11898.0380859375,11408.59375,11778.89453125,11601.47265625,23132312867.0,11601.47265625,-0.01513618086086388
219,2020-08-07,11800.064453125,11558.431640625,11604.5537109375,11754.0458984375,17572057837.0,11754.0458984375,0.013151196120374076
220,2020-08-08,11806.056640625,11548.7841796875,11737.3251953125,11675.7392578125,17489608833.0,11675.7392578125,-0.006662100973708895
221,2020-08-09,12045.140625,11662.2568359375,11662.2568359375,11878.111328125,26114112569.0,11878.111328125,0.017332698670629254
222,2020-08-10,11932.7109375,11195.708984375,11881.6474609375,11410.525390625,27039782640.0,11410.525390625,-0.03936534391564839
223,2020-08-11,11748.396484375,11249.60546875,11404.5966796875,11584.9345703125,25064548486.0,11584.9345703125,0.015284938573538076
224,2020-08-12,11796.396484375,11216.8720703125,11588.4052734375,11784.1376953125,27522199497.0,11784.1376953125,0.017195015111304723
225,2020-08-13,12150.994140625,11685.455078125,11772.6591796875,11768.87109375,24237958589.0,11768.87109375,-0.0012955213149429268
226,2020-08-14,11963.203125,11768.697265625,11768.697265625,11865.6982421875,23354924400.0,11865.6982421875,0.008227394765919493
227,2020-08-15,11934.9013671875,11737.1884765625,11866.685546875,11892.8037109375,20583375490.0,11892.8037109375,0.0022843551383793237
228,2020-08-16,12359.056640625,11806.6962890625,11895.658203125,12254.40234375,28227687027.0,12254.40234375,0.03040482644811049
229,2020-08-17,12335.70703125,11954.525390625,12251.8955078125,11991.2333984375,26043227672.0,11991.2333984375,-0.021475461465219614
230,2020-08-18,12028.923828125,11687.3330078125,11990.884765625,11758.283203125,24502851117.0,11758.283203125,-0.019426708460436926
231,2020-08-19,11900.4111328125,11710.0634765625,11761.5,11878.3720703125,20175242945.0,11878.3720703125,0.01021312934149976
232,2020-08-20,11899.259765625,11564.9794921875,11878.0263671875,11592.4892578125,23762425999.0,11592.4892578125,-0.024067507803910648
233,2020-08-21,11689.4072265625,11448.8056640625,11585.4775390625,11681.8251953125,20224191306.0,11681.8251953125,0.007706363621583279
234,2020-08-22,11713.4296875,11559.9208984375,11679.6962890625,11664.84765625,18482062658.0,11664.84765625,-0.0014533293195752028
235,2020-08-23,11807.6318359375,11623.25,11663.689453125,11774.595703125,20681511755.0,11774.595703125,0.00940844236539995
236,2020-08-24,11778.2998046875,11189.8505859375,11773.5888671875,11366.134765625,26301509932.0,11366.134765625,-0.034690018052305094
237,2020-08-25,11530.052734375,11296.9931640625,11366.89453125,11488.36328125,22466660958.0,11488.36328125,0.010753745063331488
238,2020-08-26,11570.7861328125,11185.94140625,11485.6083984375,11323.3974609375,23240415076.0,11323.3974609375,-0.01435938403704018
239,2020-08-27,11545.615234375,11316.4228515625,11325.2958984375,11542.5,19807127588.0,11542.5,0.01934954061432026
240,2020-08-28,11585.640625,11466.29296875,11541.0546875,11506.865234375,17485597759.0,11506.865234375,-0.0030872658111327222
241,2020-08-29,11715.2646484375,11492.3818359375,11508.7138671875,11711.505859375,19760127945.0,11711.505859375,0.017784220187846422
242,2020-08-30,11768.876953125,11598.318359375,11713.306640625,11680.8203125,22285928250.0,11680.8203125,-0.0026201196706430174
243,2020-08-31,12067.0810546875,11601.12890625,11679.31640625,11970.478515625,27311555343.0,11970.478515625,0.024797762089964426
244,2020-09-01,11964.8232421875,11290.7939453125,11964.8232421875,11414.0341796875,28037405299.0,11414.0341796875,-0.04648471948812871
245,2020-09-02,11443.0224609375,10182.46484375,11407.19140625,10245.296875,31927261555.0,10245.296875,-0.10239476124641311
246,2020-09-03,10663.919921875,10207.9404296875,10230.365234375,10511.8134765625,29965130374.0,10511.8134765625,0.02601355576262887
247,2020-09-04,10581.5712890625,9946.67578125,10512.5302734375,10169.5673828125,44916565292.0,10169.5673828125,-0.03255823502891142
248,2020-09-05,10353.927734375,10056.8857421875,10167.216796875,10280.3515625,37071460174.0,10280.3515625,0.010893696409813414
249,2020-09-06,10399.1533203125,9916.4931640625,10280.998046875,10369.5634765625,33703098409.0,10369.5634765625,0.00867790498409815
250,2020-09-07,10414.775390625,9945.1103515625,10369.306640625,10131.5166015625,33430927462.0,10131.5166015625,-0.022956306264775628
251,2020-09-08,10350.54296875,10017.2509765625,10134.1513671875,10242.34765625,24128292755.0,10242.34765625,0.010939236349907233
252,2020-09-09,10503.912109375,10238.1357421875,10242.330078125,10363.138671875,54406443211.0,10363.138671875,0.011793293850096198
253,2020-09-10,10434.9228515625,10140.8369140625,10369.0283203125,10400.9150390625,45201121775.0,10400.9150390625,0.0036452631180188266
254,2020-09-11,10578.837890625,10292.38671875,10409.861328125,10442.1708984375,36750077324.0,10442.1708984375,0.003966560559340859
255,2020-09-12,10577.21484375,10224.330078125,10452.3994140625,10323.755859375,36506852789.0,10323.755859375,-0.011340078630605377
256,2020-09-13,10800.0107421875,10266.0087890625,10328.734375,10680.837890625,35453581940.0,10680.837890625,0.0345883839286778
257,2020-09-14,10938.6318359375,10656.4599609375,10677.7548828125,10796.951171875,32509451925.0,10796.951171875,0.010871177190313608
258,2020-09-15,11100.1240234375,10704.884765625,10797.76171875,10974.9052734375,30769986455.0,10974.9052734375,0.01648188444401355
259,2020-09-16,11037.4208984375,10774.6279296875,10973.251953125,10948.990234375,38151810523.0,10948.990234375,-0.0023612995663134795
260,2020-09-17,11034.908203125,10829.6572265625,10951.8203125,10944.5859375,26341903912.0,10944.5859375,-0.00040225598714782596
261,2020-09-18,11134.0927734375,10909.6181640625,10933.7529296875,11094.3466796875,22764204008.0,11094.3466796875,0.013683545731443925
262,2020-09-19,11095.8701171875,10814.4775390625,11095.8701171875,10938.271484375,24699523788.0,10938.271484375,-0.014067993350005525
263,2020-09-20,10988.3046875,10380.2607421875,10934.92578125,10462.259765625,28884999244.0,10462.259765625,-0.04351800185522625
264,2020-09-21,10568.0771484375,10382.7265625,10459.6240234375,10538.4599609375,23621787804.0,10538.4599609375,0.0072833400259153525
265,2020-09-22,10637.84765625,10185.7744140625,10539.45703125,10225.8642578125,22986733997.0,10225.8642578125,-0.029662370430184937
266,2020-09-23,10765.794921875,10215.205078125,10227.4794921875,10745.548828125,23017536742.0,10745.548828125,0.050820601292009604
267,2020-09-24,10757.548828125,10594.0478515625,10747.47265625,10702.2900390625,21232549821.0,10702.2900390625,-0.004025740309259618
268,2020-09-25,10778.5,10682.08203125,10702.2373046875,10754.4375,18105012128.0,10754.4375,0.004872551645224155
269,2020-09-26,10804.732421875,10643.4580078125,10752.939453125,10774.4267578125,18016880214.0,10774.4267578125,0.00185869858953569
270,2020-09-27,10949.123046875,10716.6767578125,10771.6416015625,10721.3271484375,22720365389.0,10721.3271484375,-0.004928300184183554
271,2020-09-28,10858.939453125,10665.3447265625,10712.462890625,10848.830078125,20459870042.0,10848.830078125,0.011892457708100324
272,2020-09-29,10856.5283203125,10689.6708984375,10845.4111328125,10787.6181640625,20759622010.0,10787.6181640625,-0.005642259453019216
273,2020-09-30,10915.84375,10493.552734375,10785.0107421875,10623.330078125,27178227816.0,10623.330078125,-0.015229319710703515
274,2020-10-01,10662.8134765625,10440.3115234375,10624.390625,10585.1640625,23127839259.0,10585.1640625,-0.0035926602434758204
275,2020-10-02,10614.091796875,10527.978515625,10583.806640625,10565.4931640625,17094010304.0,10565.4931640625,-0.0018583461079444419
276,2020-10-03,10700.791015625,10531.3427734375,10567.919921875,10684.4287109375,17546792792.0,10684.4287109375,0.011256980154939367
277,2020-10-04,10804.0009765625,10646.443359375,10688.0341796875,10804.0009765625,19385191766.0,10804.0009765625,0.011191264302469861
278,2020-10-05,10803.4560546875,10565.197265625,10799.7783203125,10621.6640625,22264958686.0,10621.6640625,-0.016876795407372636
279,2020-10-06,10687.2685546875,10591.9638671875,10619.8037109375,10679.13671875,17634388529.0,10679.13671875,0.005410890036798399
280,2020-10-07,10939.7998046875,10569.8232421875,10677.625,10923.6279296875,21962121001.0,10923.6279296875,0.022894286062302482
281,2020-10-09,11442.2109375,11056.9404296875,11059.142578125,11296.361328125,22877978588.0,11296.361328125,0.03412175889152258
282,2020-10-10,11428.8134765625,11288.6279296875,11296.08203125,11384.181640625,19968627060.0,11384.181640625,0.0077742124166433335
283,2020-10-13,11539.9775390625,11307.8310546875,11429.0478515625,11429.5068359375,24103426719.0,11429.5068359375,0.003981418844438922
284,2020-10-14,11569.9140625,11303.603515625,11426.6025390625,11495.349609375,24487233058.0,11495.349609375,0.005760771167350187
285,2020-10-15,11540.0615234375,11223.0126953125,11502.828125,11322.123046875,25635480772.0,11322.123046875,-0.01506927308750361
286,2020-10-16,11386.26171875,11285.345703125,11322.123046875,11358.1015625,19130430174.0,11358.1015625,0.0031777181254826203
287,2020-10-17,11483.359375,11347.578125,11355.982421875,11483.359375,18283314340.0,11483.359375,0.011028058853915557
288,2020-10-18,11799.0927734375,11408.2900390625,11495.0380859375,11742.037109375,23860769928.0,11742.037109375,0.02252631185070797
289,2020-10-19,11999.91796875,11681.48046875,11745.974609375,11916.3349609375,30915821592.0,11916.3349609375,0.014843919324981414
290,2020-10-20,13184.56640625,11900.9287109375,11913.0771484375,12823.689453125,43414712626.0,12823.689453125,0.07614375520341321
291,2020-10-21,13161.59375,12717.09375,12801.6357421875,12965.8916015625,34729759598.0,12965.8916015625,0.011089019970212055
292,2020-10-22,13015.9619140625,12752.6474609375,12971.548828125,12931.5390625,28974975003.0,12931.5390625,-0.0026494544392426933
293,2020-10-23,13145.06640625,12885.7470703125,12931.57421875,13108.0625,24542317940.0,13108.0625,0.0136506131750318
294,2020-10-24,13329.18359375,12910.0615234375,13108.0634765625,13031.173828125,24406920575.0,13031.173828125,-0.0058657541398662305
295,2020-10-26,13225.2978515625,12822.3828125,13031.201171875,13075.248046875,29461458313.0,13075.248046875,0.003382214014740148
296,2020-10-27,13759.6689453125,13060.837890625,13075.2421875,13654.21875,33749878156.0,13654.21875,0.04427990207523247
297,2020-10-28,13837.6953125,12932.2509765625,13654.21484375,13271.28515625,35867318895.0,13271.28515625,-0.02804507535445777
298,2020-10-29,13612.0478515625,12980.0595703125,13271.298828125,13437.8828125,56499499598.0,13437.8828125,0.012553242153156674
299,2020-10-30,13651.5166015625,13136.1982421875,13437.8740234375,13546.5224609375,30581485201.0,13546.5224609375,0.00808458072996765
300,2020-10-31,14028.2138671875,13457.5302734375,13546.5322265625,13780.9951171875,30306464719.0,13780.9951171875,0.01730869726353168
301,2020-11-01,13862.033203125,13628.3779296875,13780.9951171875,13737.109375,24453857900.0,13737.109375,-0.003184511845067406
302,2020-11-02,13808.3232421875,13243.16015625,13737.0322265625,13550.4892578125,30771455468.0,13550.4892578125,-0.013585108198026608
303,2020-11-03,13984.9814453125,13325.44140625,13550.451171875,13950.30078125,29869951617.0,13950.30078125,0.02950532012761009
304,2020-11-04,14218.7666015625,13580.4716796875,13950.48828125,14133.70703125,35116364962.0,14133.70703125,0.013147117963686394
305,2020-11-05,15706.404296875,14102.0888671875,14133.7333984375,15579.8486328125,40856321439.0,15579.8486328125,0.10231863433740651
306,2020-11-06,15903.4375,15226.83984375,15579.7294921875,15565.880859375,39837841971.0,15565.880859375,-0.0008965281862933772
307,2020-11-07,15737.095703125,14423.203125,15565.880859375,14833.75390625,35024953706.0,14833.75390625,-0.0470340843373509
308,2020-11-08,15637.3203125,14744.1103515625,14833.75390625,15479.5673828125,26632075029.0,15479.5673828125,0.04353675277640923
309,2020-11-09,15785.13671875,14865.529296875,15479.595703125,15332.3154296875,34149115566.0,15332.3154296875,-0.009512665921690977
310,2020-11-10,15450.3291015625,15124.9599609375,15332.3505859375,15290.90234375,25574938143.0,15290.90234375,-0.0027010327388199418
311,2020-11-11,15916.2607421875,15290.0068359375,15290.9091796875,15701.33984375,29772374934.0,15701.33984375,0.02684194109497806
312,2020-11-12,16305.00390625,15534.771484375,15701.298828125,16276.34375,34175758344.0,16276.34375,0.03662132734990031
313,2020-11-13,16463.177734375,15992.15234375,16276.4404296875,16317.80859375,31599492172.0,16317.80859375,0.002547552717421464
314,2020-11-14,16317.80859375,15749.193359375,16317.80859375,16068.138671875,27481710135.0,16068.138671875,-0.015300456580341737
315,2020-11-15,16123.1103515625,15793.5341796875,16068.1396484375,15955.587890625,23653867583.0,15955.587890625,-0.007004593596581565
316,2020-11-16,16816.181640625,15880.7060546875,15955.5771484375,16716.111328125,31526766675.0,16716.111328125,0.04766502135260464
317,2020-11-17,17782.919921875,16564.544921875,16685.69140625,17645.40625,39006849170.0,17645.40625,0.05559276937282975
318,2020-11-18,18393.94921875,17352.90625,17645.19140625,17804.005859375,49064800278.0,17804.005859375,0.008988152900985202
319,2020-11-19,18119.546875,17382.5546875,17803.861328125,17817.08984375,36985055355.0,17817.08984375,0.0007348899162549216
320,2020-11-20,18773.2265625,17765.794921875,17817.083984375,18621.314453125,36992873940.0,18621.314453125,0.045137820846602006
321,2020-11-21,18936.62109375,18444.359375,18621.31640625,18642.232421875,39650210707.0,18642.232421875,0.0011233347035009
322,2020-11-22,18688.96875,17671.384765625,18642.232421875,18370.001953125,41280434226.0,18370.001953125,-0.014602889964538845
323,2020-11-23,18711.42578125,18000.796875,18370.017578125,18364.12109375,42741112308.0,18364.12109375,-0.000320133845930215
324,2020-11-24,19348.271484375,18128.65625,18365.015625,19107.46484375,51469565009.0,19107.46484375,0.040478046632625775
325,2020-11-25,19390.96484375,18581.146484375,19104.41015625,18732.12109375,43710357371.0,18732.12109375,-0.01964382784787766
326,2020-11-26,18866.28515625,16351.03515625,18729.83984375,17150.623046875,61396835737.0,17150.623046875,-0.08442706722639481
327,2020-11-27,17445.0234375,16526.423828125,17153.9140625,17108.40234375,38886494645.0,17108.40234375,-0.0024617591448197196
328,2020-11-28,17853.939453125,16910.65234375,17112.93359375,17717.4140625,32601040734.0,17717.4140625,0.03559722915754793
329,2020-11-29,18283.62890625,17559.1171875,17719.634765625,18177.484375,31133957704.0,18177.484375,0.02596712538731971
330,2020-11-30,19749.263671875,18178.322265625,18178.322265625,19625.8359375,47728480399.0,19625.8359375,0.07967832801396635
331,2020-12-01,19845.974609375,18321.921875,19633.76953125,18802.998046875,49633658712.0,18802.998046875,-0.04192625951044282
332,2020-12-02,19308.330078125,18347.71875,18801.744140625,19201.091796875,37387697139.0,19201.091796875,0.021171823185194727
333,2020-12-03,19566.19140625,18925.78515625,19205.92578125,19445.3984375,31930317405.0,19445.3984375,0.012723580680175761
334,2020-12-04,19511.404296875,18697.193359375,19446.966796875,18699.765625,33872388058.0,18699.765625,-0.038344949058079725
335,2020-12-05,19160.44921875,18590.193359375,18698.384765625,19154.23046875,27242455064.0,19154.23046875,0.024303237423597412
336,2020-12-06,19390.5,18897.89453125,19154.1796875,19345.12109375,25293775714.0,19345.12109375,0.009965977245154134
337,2020-12-07,19411.828125,18931.142578125,19343.12890625,19191.630859375,26896357742.0,19191.630859375,-0.007934312410408761
338,2020-12-08,19283.478515625,18269.9453125,19191.529296875,18321.14453125,31692288756.0,18321.14453125,-0.0453576006387062
339,2020-12-09,18626.29296875,17935.546875,18320.884765625,18553.916015625,34420373071.0,18553.916015625,0.012705073309037251
340,2020-12-10,18553.298828125,17957.064453125,18553.298828125,18264.9921875,25547132265.0,18264.9921875,-0.015572121156616547
341,2020-12-11,18268.453125,17619.533203125,18263.9296875,18058.904296875,27919640985.0,18058.904296875,-0.011283218109780502
342,2020-12-12,18919.55078125,18046.041015625,18051.3203125,18803.65625,21752580802.0,18803.65625,0.041240151721379625
343,2020-12-13,19381.53515625,18734.33203125,18806.765625,19142.3828125,25450468637.0,19142.3828125,0.018013866983980886
344,2020-12-14,19305.099609375,19012.708984375,19144.4921875,19246.64453125,22473997681.0,19246.64453125,0.005446642655266398
345,2020-12-15,19525.0078125,19079.841796875,19246.919921875,19417.076171875,26741982541.0,19417.076171875,0.008855135259981495
346,2020-12-16,21458.908203125,19298.31640625,19418.818359375,21310.59765625,44409011479.0,21310.59765625,0.09751836309514528
347,2020-12-17,23642.66015625,21234.67578125,21308.3515625,22805.162109375,71378606374.0,22805.162109375,0.07013245133867341
348,2020-12-18,23238.6015625,22399.8125,22806.796875,23137.9609375,40387896275.0,23137.9609375,0.014593135822884129
349,2020-12-19,24085.85546875,22826.47265625,23132.865234375,23869.83203125,38487546580.0,23869.83203125,0.03163075154837203
350,2020-12-20,24209.66015625,23147.7109375,23861.765625,23477.294921875,37844228422.0,23477.294921875,-0.01644490454985592
351,2020-12-21,24059.982421875,22159.3671875,23474.455078125,22803.08203125,45852713981.0,22803.08203125,-0.028717656479103182
352,2020-12-22,23789.90234375,22430.60546875,22794.0390625,23783.029296875,44171632681.0,23783.029296875,0.042974334095805755
353,2020-12-23,24024.490234375,22802.646484375,23781.974609375,23241.345703125,51146161904.0,23241.345703125,-0.022776055438033516
354,2020-12-24,23768.337890625,22777.59765625,23240.203125,23735.94921875,41080759713.0,23735.94921875,0.021281190940612982
355,2020-12-25,24710.1015625,23463.673828125,23733.5703125,24664.791015625,42068395846.0,24664.791015625,0.03913227940938091
356,2020-12-26,26718.0703125,24522.689453125,24677.015625,26437.037109375,48332647295.0,26437.037109375,0.07185327832809496
357,2020-12-27,28288.83984375,25922.76953125,26439.373046875,26272.294921875,66479895605.0,26272.294921875,-0.0062314920850786715
358,2020-12-28,27389.111328125,26207.640625,26280.822265625,27084.80859375,49056742893.0,27084.80859375,0.03092663485588698
359,2020-12-29,27370.720703125,25987.298828125,27081.810546875,27362.4375,45265946774.0,27362.4375,0.010250355112868093
360,2020-12-30,28937.740234375,27360.08984375,27360.08984375,28840.953125,51287442704.0,28840.953125,0.054034499850387885
361,2020-12-31,29244.876953125,28201.9921875,28841.57421875,29001.720703125,46754964848.0,29001.720703125,0.005574281038085438
362,2021-01-01,29600.626953125,28803.5859375,28994.009765625,29374.15234375,40730301359.0,29374.15234375,0.012841708408869223
363,2021-01-02,33155.1171875,29091.181640625,29376.455078125,32127.267578125,67865420765.0,32127.267578125,0.09372577639540935
364,2021-01-03,34608.55859375,32052.31640625,32129.408203125,32782.0234375,78665235202.0,32782.0234375,0.020380066800975483
365,2021-01-04,33440.21875,28722.755859375,32810.94921875,31971.9140625,81163475344.0,31971.9140625,-0.024712000360334718
366,2021-01-05,34437.58984375,30221.1875,31977.041015625,33992.4296875,67547324782.0,33992.4296875,0.06319658000613337
367,2021-01-06,36879.69921875,33514.03515625,34013.61328125,36824.36328125,75289433811.0,36824.36328125,0.08331071417326141
368,2021-01-07,40180.3671875,36491.19140625,36833.875,39371.04296875,84762141031.0,39371.04296875,0.0691574669750421
369,2021-01-08,41946.73828125,36838.63671875,39381.765625,40797.609375,88107519480.0,40797.609375,0.0362338992996023
370,2021-01-09,41436.3515625,38980.875,40788.640625,40254.546875,61984162837.0,40254.546875,-0.013311135341493308
371,2021-01-10,41420.19140625,35984.62890625,40254.21875,38356.44140625,79980747690.0,38356.44140625,-0.047152573214749416
372,2021-01-11,38346.53125,30549.599609375,38346.53125,35566.65625,123320567399.0,35566.65625,-0.07273315912449108
373,2021-01-12,36568.52734375,32697.9765625,35516.359375,33922.9609375,74773277909.0,33922.9609375,-0.046214502171538774
374,2021-01-13,37599.9609375,32584.66796875,33915.12109375,37316.359375,69364315979.0,37316.359375,0.10003249550509552
375,2021-01-14,39966.40625,36868.5625,37325.109375,39187.328125,63615990033.0,39187.328125,0.050138030111625875
376,2021-01-15,39577.7109375,34659.58984375,39156.70703125,36825.3671875,67760757881.0,36825.3671875,-0.06027358971670127
377,2021-01-16,37864.3671875,35633.5546875,36821.6484375,36178.140625,57706187875.0,36178.140625,-0.017575563040677422
378,2021-01-17,36722.3515625,34069.3203125,36163.6484375,35791.27734375,52359854336.0,35791.27734375,-0.010693288117263444
379,2021-01-18,37299.28515625,34883.84375,35792.23828125,36630.07421875,49511702429.0,36630.07421875,0.023435790428599335
380,2021-01-19,37755.890625,36069.8046875,36642.234375,36069.8046875,57244195486.0,36069.8046875,-0.015295342507474663
381,2021-01-20,36378.328125,33570.4765625,36050.11328125,35547.75,66834573161.0,35547.75,-0.014473454791977813
382,2021-01-21,35552.6796875,30250.75,35549.3984375,30825.69921875,75643067688.0,30825.69921875,-0.1328368400602007
383,2021-01-22,33811.8515625,28953.373046875,30817.625,33005.76171875,77207272511.0,33005.76171875,0.07072224005462169
384,2021-01-23,33360.9765625,31493.16015625,32985.7578125,32067.642578125,48354737975.0,32067.642578125,-0.02842289017956734
385,2021-01-24,32944.0078125,31106.685546875,32064.376953125,32289.37890625,48643830599.0,32289.37890625,0.006914643868341619
386,2021-01-25,34802.7421875,32087.787109375,32285.798828125,32366.392578125,59897054838.0,32366.392578125,0.0023851084933719235
387,2021-01-26,32794.55078125,31030.265625,32358.61328125,32569.849609375,60255421470.0,32569.849609375,0.006286058316783416
388,2021-01-27,32564.029296875,29367.138671875,32564.029296875,30432.546875,62576762015.0,30432.546875,-0.06562212475675022
389,2021-01-28,31891.30078125,30023.20703125,30441.041015625,31649.60546875,78948162368.0,31649.60546875,0.039992005885968185
390,2021-01-29,38406.26171875,32064.814453125,34318.671875,34316.38671875,117894572511.0,34316.38671875,0.08425954164367422
391,2021-01-30,34834.70703125,32940.1875,34295.93359375,34269.5234375,65141828798.0,34269.5234375,-0.0013656239986477026
392,2021-01-31,34288.33203125,32270.17578125,34270.87890625,33114.359375,52754542671.0,33114.359375,-0.03370820328466961
393,2021-02-01,34638.21484375,32384.228515625,33114.578125,33537.17578125,61400400660.0,33537.17578125,0.012768370405776608
394,2021-02-02,35896.8828125,33489.21875,33533.19921875,35510.2890625,63088585433.0,35510.2890625,0.05883361479570781
395,2021-02-03,37480.1875,35443.984375,35510.8203125,37472.08984375,61166818159.0,37472.08984375,0.055245981743407446
396,2021-02-04,38592.17578125,36317.5,37475.10546875,36926.06640625,68838074392.0,36926.06640625,-0.014571470120209207
397,2021-02-05,38225.90625,36658.76171875,36931.546875,38144.30859375,58598066402.0,38144.30859375,0.032991388091470286
398,2021-02-06,40846.546875,38138.38671875,38138.38671875,39266.01171875,71326033653.0,39266.01171875,0.029406828078771152
399,2021-02-07,39621.8359375,37446.15234375,39250.19140625,38903.44140625,65500641143.0,38903.44140625,-0.009233693380855112
400,2021-02-08,46203.9296875,38076.32421875,38886.828125,46196.46484375,101467222687.0,46196.46484375,0.18746473766529936
401,2021-02-09,48003.72265625,45166.9609375,46184.9921875,46481.10546875,91809846886.0,46481.10546875,0.006161523959955284
402,2021-02-10,47145.56640625,43881.15234375,46469.76171875,44918.18359375,87301089896.0,44918.18359375,-0.03362488605290981
403,2021-02-11,48463.46875,44187.76171875,44898.7109375,47909.33203125,81388911810.0,47909.33203125,0.0665910372634968
404,2021-02-12,48745.734375,46424.9765625,47877.03515625,47504.8515625,76555041196.0,47504.8515625,-0.008442623839676311
405,2021-02-13,48047.74609375,46392.28125,47491.203125,47105.515625,70250456155.0,47105.515625,-0.008406213773231364
406,2021-02-14,49487.640625,47114.5078125,47114.5078125,48717.2890625,71248675228.0,48717.2890625,0.03421623595697554
407,2021-02-15,48875.5703125,46347.4765625,48696.53515625,47945.05859375,77069903166.0,47945.05859375,-0.01585126109458379
408,2021-02-16,50341.1015625,47201.3046875,47944.45703125,49199.87109375,77049582886.0,49199.87109375,0.026171883752032166
409,2021-02-17,52533.9140625,49072.37890625,49207.27734375,52149.0078125,80820545404.0,52149.0078125,0.05994196027730325
410,2021-02-18,52474.10546875,51015.765625,52140.97265625,51679.796875,52054723579.0,51679.796875,-0.008997504596578998
411,2021-02-19,56113.65234375,50937.27734375,51675.98046875,55888.1328125,63495496918.0,55888.1328125,0.08143096900475189
412,2021-02-20,57505.2265625,54626.55859375,55887.3359375,56099.51953125,68145460026.0,56099.51953125,0.0037823185014820293
413,2021-02-21,58330.5703125,55672.609375,56068.56640625,57539.9453125,51897585191.0,57539.9453125,0.025676258785917394
414,2021-02-22,57533.390625,48967.56640625,57532.73828125,54207.3203125,92052420332.0,54207.3203125,-0.05791845963531039
415,2021-02-23,54204.9296875,45290.58984375,54204.9296875,48824.42578125,106102492824.0,48824.42578125,-0.09930198541853996
416,2021-02-24,51290.13671875,47213.5,48835.0859375,49705.33203125,63695521388.0,49705.33203125,0.018042326886684945
417,2021-02-25,51948.96875,47093.8515625,49709.08203125,47093.8515625,54506565949.0,47093.8515625,-0.052539242009451814
418,2021-02-26,48370.78515625,44454.84375,47180.46484375,46339.76171875,350967941479.0,46339.76171875,-0.016012490351298148
419,2021-02-27,48253.26953125,45269.02734375,46344.7734375,46188.453125,45910946382.0,46188.453125,-0.003265200081699504
420,2021-02-28,46716.4296875,43241.6171875,46194.015625,45137.76953125,53443887451.0,45137.76953125,-0.022747754528746222
421,2021-03-01,49784.015625,45115.09375,45159.50390625,49631.2421875,53891300112.0,49631.2421875,0.09955017057586457
422,2021-03-02,50127.51171875,47228.84375,49612.10546875,48378.98828125,47530897720.0,48378.98828125,-0.025231161886280384
423,2021-03-03,52535.13671875,48274.3203125,48415.81640625,50538.2421875,53220811975.0,50538.2421875,0.04463205996986197
424,2021-03-04,51735.08984375,47656.9296875,50522.3046875,48561.16796875,52343816680.0,48561.16796875,-0.039120359814156846
425,2021-03-05,49396.4296875,46542.515625,48527.03125,48927.3046875,48625928883.0,48927.3046875,0.007539701660092213
426,2021-03-06,49147.21875,47257.52734375,48899.23046875,48912.3828125,34363564661.0,48912.3828125,-0.0003049805235605385
427,2021-03-07,51384.3671875,48918.6796875,48918.6796875,51206.69140625,43137459378.0,51206.69140625,0.046906498146797926
428,2021-03-08,52314.0703125,49506.0546875,51174.1171875,52246.5234375,48597428048.0,52246.5234375,0.020306565464276005
429,2021-03-09,54824.1171875,51981.83203125,52272.96875,54824.1171875,50912227385.0,54824.1171875,0.049335220420617
430,2021-03-10,57258.25390625,53290.890625,54824.01171875,56008.55078125,57295577614.0,56008.55078125,0.021604243798385436
431,2021-03-11,58091.0625,54484.59375,55963.1796875,57805.12109375,56772343595.0,57805.12109375,0.032076714848716215
432,2021-03-12,57996.62109375,55376.6484375,57821.21875,57332.08984375,55689944702.0,57332.08984375,-0.008183206626845796
433,2021-03-13,61683.86328125,56217.97265625,57343.37109375,61243.0859375,60669829814.0,61243.0859375,0.06821652767950437
434,2021-03-14,61597.91796875,59302.31640625,61221.1328125,59302.31640625,43901225564.0,59302.31640625,-0.031689610370558396
435,2021-03-15,60540.9921875,55393.1640625,59267.4296875,55907.19921875,66419369890.0,55907.19921875,-0.05725100456855314
436,2021-03-16,56833.1796875,53555.02734375,55840.78515625,56804.90234375,59749798599.0,56804.90234375,0.01605702194966918
437,2021-03-17,58969.81640625,54528.62890625,56825.828125,58870.89453125,60258313191.0,58870.89453125,0.036369962842253134
438,2021-03-18,60116.25,54253.578125,58893.078125,57858.921875,55746041000.0,57858.921875,-0.017189693893861602
439,2021-03-19,59498.375,56643.703125,57850.44140625,58346.65234375,49063873786.0,58346.65234375,0.008429650137686817
440,2021-03-20,60031.28515625,58213.296875,58332.26171875,58313.64453125,50361731222.0,58313.64453125,-0.0005657190459794625
441,2021-03-21,58767.8984375,56005.6171875,58309.9140625,57523.421875,51943414539.0,57523.421875,-0.013551247955811196
442,2021-03-22,58471.48046875,54288.15625,57517.890625,54529.14453125,56521454974.0,54529.14453125,-0.05205318540083803
443,2021-03-23,55985.44140625,53470.6953125,54511.66015625,54738.9453125,56435023914.0,54738.9453125,0.0038474981233158623
444,2021-03-24,57262.3828125,52514.33203125,54710.48828125,52774.265625,70567223787.0,52774.265625,-0.035891807492523076
445,2021-03-25,53392.38671875,50856.5703125,52726.74609375,51704.16015625,67999812841.0,51704.16015625,-0.020277031922222966
446,2021-03-26,55137.3125,51579.85546875,51683.01171875,55137.3125,56652197978.0,55137.3125,0.06639992475218648
447,2021-03-27,56568.21484375,54242.91015625,55137.56640625,55973.51171875,47266542233.0,55973.51171875,0.015165759461888806
448,2021-03-28,58342.09765625,55139.33984375,55947.8984375,57750.19921875,57625587027.0,57750.19921875,0.031741576425065476
449,2021-03-28,56610.3125,55071.11328125,55974.94140625,55950.74609375,47686580918.0,55950.74609375,-0.031159253982551927
450,2021-03-29,59447.22265625,57251.55078125,57750.1328125,58917.69140625,54414116432.0,58917.69140625,0.053027806055144344
451,2021-03-30,59930.02734375,57726.41796875,58930.27734375,58918.83203125,65520826225.0,58918.83203125,1.9359634988669328e-05
452,2021-03-31,59586.0703125,58505.27734375,58926.5625,59095.80859375,61669163792.0,59095.80859375,0.0030037350775407035
453,2021-04-01,60267.1875,58869.28125,59098.87890625,59384.3125,58727860620.0,59384.3125,0.004881969011259368
454,2021-04-02,60110.26953125,57603.890625,59397.41015625,57603.890625,59641344484.0,57603.890625,-0.029981350293480258
455,2021-04-03,58913.74609375,57168.67578125,57604.83984375,58758.5546875,50749662970.0,58758.5546875,0.0200448971410081
456,2021-04-04,59891.296875,57694.82421875,58760.875,59057.87890625,60706272115.0,59057.87890625,0.005094138552963257
457,2021-04-05,59479.578125,57646.80859375,59171.93359375,58192.359375,66058027988.0,58192.359375,-0.014655445594718208
458,2021-04-06,58731.14453125,55604.0234375,58186.5078125,56048.9375,75645303584.0,56048.9375,-0.036833390122360865
459,2021-04-07,58338.73828125,55879.0859375,56099.9140625,58323.953125,53053855641.0,58323.953125,0.04058980823677527
460,2021-04-08,58937.046875,57807.86328125,58326.5625,58245.00390625,46655208546.0,58245.00390625,-0.0013536328475677317
461,2021-04-09,61276.6640625,58038.70703125,58253.77734375,59793.234375,58238470525.0,59793.234375,0.026581343719059625
462,2021-04-10,60790.5546875,59289.796875,59846.23046875,60204.96484375,46280252580.0,60204.96484375,0.006885903949730876
463,2021-04-11,61253.03515625,59589.875,60175.9453125,59893.453125,51828688519.0,59893.453125,-0.005174186540237491
464,2021-04-12,63742.28515625,59869.95703125,59890.01953125,63503.45703125,69983454362.0,63503.45703125,0.06027376479221824
465,2021-04-13,64863.09765625,61554.796875,63523.75390625,63109.6953125,77451779687.0,63109.6953125,-0.00620063437737306
466,2021-04-14,63821.671875,62208.96484375,63075.1953125,63314.01171875,60954381579.0,63314.01171875,0.003237480473297971
467,2021-04-15,63594.72265625,60222.53125,63258.50390625,61572.7890625,84293007468.0,61572.7890625,-0.027501379378466195
468,2021-04-16,62572.17578125,60361.3515625,61529.921875,60683.8203125,66138759198.0,60683.8203125,-0.014437688523377457
469,2021-04-17,61057.45703125,52829.53515625,60701.88671875,56216.18359375,97468872758.0,56216.18359375,-0.0736215468265391
470,2021-04-18,57520.0546875,54368.59375,56191.5859375,55724.265625,65344865159.0,55724.265625,-0.008750468945115109
471,2021-04-19,57062.1484375,53448.046875,55681.79296875,56473.03125,67849323955.0,56473.03125,0.013436976092944253
472,2021-04-20,56757.97265625,53695.46875,56471.12890625,53906.08984375,54926612466.0,53906.08984375,-0.045454287638402646
473,2021-04-21,55410.23046875,50583.8125,53857.10546875,51762.2734375,74798630778.0,51762.2734375,-0.0397694659817468
474,2021-04-22,52120.79296875,47714.6640625,51739.80859375,51093.65234375,86668667320.0,51093.65234375,-0.012917150838772984
475,2021-04-23,51167.5625,48805.28515625,51143.2265625,50050.8671875,49014494781.0,50050.8671875,-0.02040928977310741
476,2021-04-24,50506.01953125,47159.484375,50052.83203125,49004.25390625,46117114240.0,49004.25390625,-0.02091099195802515
477,2021-04-25,54288.00390625,48852.796875,49077.79296875,54021.75390625,58284039825.0,54021.75390625,0.10238907033660749
478,2021-04-26,55416.96484375,53319.1875,54030.3046875,55033.1171875,49448222757.0,55033.1171875,0.018721407731506323
479,2021-04-27,56227.20703125,53887.91796875,55036.63671875,54824.703125,48000572955.0,54824.703125,-0.003787066282106566
480,2021-04-28,55115.84375,52418.02734375,54858.08984375,53555.109375,46088929780.0,53555.109375,-0.02315733013830157
481,2021-04-29,57900.71875,53129.6015625,53568.6640625,57750.17578125,52395931985.0,57750.17578125,0.07833176806484676
482,2021-04-30,58448.33984375,57052.2734375,57714.6640625,57828.05078125,42836427360.0,57828.05078125,0.0013484807439372304
483,2021-05-01,57902.59375,56141.90625,57825.86328125,56631.078125,38177405335.0,56631.078125,-0.020698824187899145
484,2021-05-02,58973.30859375,56590.87109375,56620.2734375,57200.29296875,51713139031.0,57200.29296875,0.010051280367532334
485,2021-05-03,57214.1796875,53191.42578125,57214.1796875,53333.5390625,68564706967.0,53333.5390625,-0.06760024652955021
486,2021-05-04,57911.36328125,52969.0546875,53252.1640625,57424.0078125,69241316747.0,57424.0078125,0.07669599321369813
487,2021-05-05,58363.31640625,55382.5078125,57441.30859375,56396.515625,69523285106.0,56396.515625,-0.01789307689659958
488,2021-05-06,58606.6328125,55321.84765625,56413.953125,57356.40234375,68434023376.0,57356.40234375,0.017020319573156195
489,2021-05-07,59464.61328125,56975.2109375,57352.765625,58803.77734375,65382980634.0,58803.77734375,0.02523475916996243
490,2021-05-08,59210.8828125,56482.00390625,58877.390625,58232.31640625,65906690347.0,58232.31640625,-0.009718099130935132
491,2021-05-09,59519.35546875,54071.45703125,58250.87109375,55859.796875,71776546298.0,55859.796875,-0.04074231762821234
492,2021-05-10,56872.54296875,54608.65234375,55847.2421875,56704.57421875,61308396325.0,56704.57421875,0.01512317249631967
493,2021-05-11,57939.36328125,49150.53515625,56714.53125,49150.53515625,75215403907.0,49150.53515625,-0.1332174549686006
494,2021-05-12,51330.84375,46980.01953125,49735.43359375,49716.19140625,96721152926.0,49716.19140625,0.011508648851976444
495,2021-05-13,51438.1171875,48868.578125,49682.98046875,49880.53515625,55737497453.0,49880.53515625,0.00330563837155351
496,2021-05-14,50639.6640625,46664.140625,49855.49609375,46760.1875,59161047474.0,46760.1875,-0.06255641898138342
497,2021-05-15,49720.04296875,43963.3515625,46716.63671875,46456.05859375,64047871555.0,46456.05859375,-0.0065040138312105755
498,2021-05-16,46623.55859375,42207.2890625,46415.8984375,43537.51171875,74903638450.0,43537.51171875,-0.06282381595309616
499,2021-05-17,45812.45703125,42367.83203125,43488.05859375,42909.40234375,56187365084.0,42909.40234375,-0.014426855146374762
500,2021-05-18,43546.1171875,30681.49609375,42944.9765625,37002.44140625,126358098747.0,37002.44140625,-0.13766122609163733
501,2021-05-19,42462.984375,35050.6171875,36753.66796875,40782.73828125,88281943359.0,40782.73828125,0.10216344466291027
502,2021-05-20,42172.171875,33616.453125,40596.94921875,37304.69140625,82051616861.0,37304.69140625,-0.08528232829817228
503,2021-05-21,38831.0546875,35383.68359375,37371.03125,37536.6328125,57377273240.0,37536.6328125,0.006217486259949112
504,2021-05-22,38289.21875,31227.33984375,37531.44921875,34770.58203125,78469274361.0,34770.58203125,-0.0736893688644572
505,2021-05-23,39835.140625,34551.08203125,34700.36328125,38705.98046875,67359584098.0,38705.98046875,0.11318183957815453
506,2021-05-24,39776.3515625,36581.4296875,38795.78125,38402.22265625,56211915803.0,38402.22265625,-0.007847826326095597
507,2021-05-25,40782.078125,37905.8359375,38392.625,39294.19921875,51346735160.0,39294.19921875,0.023227211885217036
508,2021-05-26,40379.6171875,37247.90234375,39316.890625,38436.96875,43210968721.0,38436.96875,-0.021815700174415475
509,2021-05-27,38856.96875,34779.0390625,38507.08203125,35697.60546875,55200191952.0,35697.60546875,-0.07126897282320166
510,2021-05-28,37234.5,33693.9296875,35684.15625,34616.06640625,45231013335.0,34616.06640625,-0.03029724398312339
511,2021-05-29,36400.66796875,33520.73828125,34607.40625,35678.12890625,31646080921.0,35678.12890625,0.03068120125307594
512,2021-05-30,37468.25,34241.9453125,35658.59375,37332.85546875,39009847639.0,37332.85546875,0.04637929771620186
513,2021-05-31,37896.734375,35787.0859375,37293.79296875,36684.92578125,34639423297.0,36684.92578125,-0.017355481635803582
514,2021-06-01,38231.33984375,35966.30859375,36699.921875,37575.1796875,33070867190.0,37575.1796875,0.02426756732611457
515,2021-06-02,39478.953125,37243.97265625,37599.41015625,39208.765625,35460750427.0,39208.765625,0.043475133082156336
516,2021-06-03,39242.484375,35717.72265625,39242.484375,36894.40625,41831090187.0,36894.40625,-0.05902658087058821
517,2021-06-04,37917.71484375,34900.4140625,36880.15625,35551.95703125,35959473399.0,35551.95703125,-0.03638625350557034
518,2021-06-05,36436.421875,35304.578125,35538.609375,35862.37890625,28913440585.0,35862.37890625,0.008731498936251025
519,2021-06-06,36790.5703125,33480.640625,35835.265625,33560.70703125,33683936663.0,33560.70703125,-0.06418068028941804
520,2021-06-07,34017.38671875,31114.443359375,33589.51953125,33472.6328125,49902050442.0,33472.6328125,-0.0026243254847995168
521,2021-06-08,37537.37109375,32475.865234375,33416.9765625,37345.12109375,53972919008.0,37345.12109375,0.11569117681725527
522,2021-06-09,38334.32421875,35847.59375,37389.515625,36702.59765625,43576032854.0,36702.59765625,-0.01720501684509279
523,2021-06-10,37608.6953125,36044.44921875,36697.03125,37334.3984375,38699736985.0,37334.3984375,0.01721406171757467
524,2021-06-11,37408.92578125,34728.19140625,37340.14453125,35552.515625,37924228550.0,35552.515625,-0.047727642256857994
525,2021-06-12,39322.78125,34864.109375,35555.7890625,39097.859375,40669112838.0,39097.859375,0.09972131894675185
526,2021-06-13,40978.36328125,38757.28515625,39016.96875,40218.4765625,43148914673.0,40218.4765625,0.028661855288592664
527,2021-06-14,41295.26953125,39609.46875,40427.16796875,40406.26953125,46420149185.0,40406.26953125,0.004669320789865594
528,2021-06-15,40516.77734375,38176.03515625,40168.69140625,38347.0625,39211635100.0,38347.0625,-0.05096256237308472
529,2021-06-16,39513.671875,37439.67578125,38341.421875,38053.50390625,37096670047.0,38053.50390625,-0.007655308506355651
530,2021-06-17,38187.26171875,35255.85546875,38099.4765625,35787.24609375,36200887275.0,35787.24609375,-0.0595545108824469
531,2021-06-18,36457.796875,34933.0625,35854.52734375,35615.87109375,31207279719.0,35615.87109375,-0.004788717174578294
532,2021-06-19,36059.484375,33432.07421875,35563.140625,35698.296875,36664034054.0,35698.296875,0.002314299179515533
533,2021-06-20,35721.640625,31295.935546875,35641.14453125,31676.693359375,52809038594.0,31676.693359375,-0.11265533282181261
534,2021-06-21,33292.453125,28893.62109375,31622.376953125,32505.66015625,58964353058.0,32505.66015625,0.02616961270137308
535,2021-06-22,34753.41015625,31772.6328125,32515.71484375,33723.02734375,46317108925.0,33723.02734375,0.0374509295196066
536,2021-06-23,35228.8515625,32385.21484375,33682.80078125,34662.4375,33123368116.0,34662.4375,0.027856637741157764
537,2021-06-24,35487.24609375,31350.884765625,34659.10546875,31637.779296875,40230904226.0,31637.779296875,-0.0872604012088013
538,2021-06-25,32637.587890625,30184.501953125,31594.6640625,32186.27734375,38585385521.0,32186.27734375,0.017336806155961115
539,2021-06-26,34656.12890625,32071.7578125,32287.5234375,34649.64453125,35511640894.0,34649.64453125,0.07653470332064805
540,2021-06-27,35219.890625,33902.07421875,34679.12109375,34434.3359375,33892523752.0,34434.3359375,-0.006213875976586625
541,2021-06-28,36542.109375,34252.484375,34475.55859375,35867.77734375,37901460044.0,35867.77734375,0.04162825758718758
542,2021-06-29,36074.7578125,34086.15234375,35908.38671875,35040.8359375,34059036099.0,35040.8359375,-0.02305527321430456
543,2021-06-30,35035.984375,32883.78125,35035.984375,33572.1171875,37838957079.0,33572.1171875,-0.04191448950075438
544,2021-07-01,33939.58984375,32770.6796875,33549.6015625,33897.046875,38728974942.0,33897.046875,0.00967855812266083
545,2021-07-02,34909.26171875,33402.6953125,33854.421875,34668.546875,24383958643.0,34668.546875,0.022760094790705843
546,2021-07-03,35937.56640625,34396.4765625,34665.56640625,35287.78125,24924307911.0,35287.78125,0.017861561294527206
547,2021-07-04,35284.34375,33213.66015625,35284.34375,33746.00390625,26721554282.0,33746.00390625,-0.043691535402215154
548,2021-07-05,35038.53515625,33599.91796875,33723.5078125,34235.1953125,26501259870.0,34235.1953125,0.014496276584600176
549,2021-07-06,34997.6640625,33839.2890625,34225.6796875,33855.328125,24796027477.0,33855.328125,-0.011095808977648836
550,2021-07-07,33907.90625,32133.18359375,33889.60546875,32877.37109375,29910396946.0,32877.37109375,-0.028886355129662422
551,2021-07-08,34042.29296875,32318.880859375,32861.671875,33798.01171875,27436021028.0,33798.01171875,0.02800225791699673
552,2021-07-09,34209.0703125,33116.01171875,33811.2421875,33520.51953125,22971873468.0,33520.51953125,-0.008210311003178261
553,2021-07-10,34584.703125,33346.73828125,33509.078125,34240.1875,20108729370.0,34240.1875,0.021469475378479208
554,2021-07-11,34592.15625,32697.30859375,34254.015625,33155.84765625,24321499537.0,33155.84765625,-0.031668630428790756
555,2021-07-12,33327.1015625,32261.419921875,33125.46875,32702.025390625,19120856669.0,32702.025390625,-0.013687548281983153
556,2021-07-13,33061.3984375,31639.125,32723.845703125,32822.34765625,21376531210.0,32822.34765625,0.003679352094793975
557,2021-07-14,33159.640625,31175.708984375,32827.875,31780.73046875,21300524237.0,31780.73046875,-0.031734999531688124
558,2021-07-15,32218.40625,31100.673828125,31841.55078125,31421.5390625,23699476918.0,31421.5390625,-0.011302175908234458
559,2021-07-16,31935.9453125,31223.990234375,31397.30859375,31533.068359375,18895018942.0,31533.068359375,0.003549453661488622
560,2021-07-17,32398.99609375,31215.4921875,31533.884765625,31796.810546875,18787986667.0,31796.810546875,0.008363987433579023
561,2021-07-18,31885.859375,30563.734375,31800.01171875,30817.83203125,20434789545.0,30817.83203125,-0.030788575922789052
562,2021-07-19,31006.1875,29360.955078125,30838.28515625,29807.34765625,23148267245.0,29807.34765625,-0.03278895069501786
563,2021-07-20,32752.326171875,29526.18359375,29796.28515625,32110.693359375,28203024559.0,32110.693359375,0.07727442675168827
564,2021-07-21,32576.400390625,31745.298828125,32138.873046875,32313.10546875,19555230518.0,32313.10546875,0.006303573302191001
565,2021-07-22,33581.55078125,32057.892578125,32305.958984375,33581.55078125,22552046192.0,33581.55078125,0.03925482537500802
566,2021-07-23,34490.390625,33424.859375,33593.73046875,34292.4453125,21664706865.0,34292.4453125,0.021169199000986128
567,2021-07-24,35364.92578125,33881.8359375,34290.29296875,35350.1875,20856685287.0,35350.1875,0.030844758309330533
568,2021-07-25,40499.67578125,35287.3125,35384.03125,37337.53515625,51022126212.0,37337.53515625,0.05621887171744144
569,2021-07-26,39406.94140625,36441.7265625,37276.03515625,39406.94140625,35097370560.0,39406.94140625,0.055424286615063156
570,2021-07-27,40816.0703125,38862.4375,39503.1875,39995.90625,38702404695.0,39995.90625,0.014945713184850051
571,2021-07-28,40593.0703125,39352.05859375,39995.453125,40008.421875,27167146027.0,40008.421875,0.00031292265067750513
572,2021-07-29,42235.546875,38397.35546875,40027.484375,42235.546875,33072782960.0,42235.546875,0.055666404612466414
573,2021-07-30,42231.44921875,41110.83203125,42196.3046875,41626.1953125,25802845343.0,41626.1953125,-0.014427457617713135
574,2021-07-31,42541.6796875,39540.94140625,41460.84375,39974.89453125,26688438115.0,39974.89453125,-0.039669750474507826
575,2021-08-01,40419.1796875,38746.34765625,39907.26171875,39201.9453125,25595265436.0,39201.9453125,-0.019335866368471732
576,2021-08-02,39750.03125,37782.05078125,39178.40234375,38152.98046875,26189830450.0,38152.98046875,-0.02675797936526192
577,2021-08-03,39952.296875,37589.1640625,38213.33203125,39747.50390625,25372562724.0,39747.50390625,0.041792893187100555
578,2021-08-04,41341.93359375,37458.00390625,39744.515625,40869.5546875,35185031017.0,40869.5546875,0.02822946527400849
579,2021-08-05,43271.66015625,39932.1796875,40865.8671875,42816.5,38226483046.0,42816.5,0.04763803587748594
580,2021-08-06,44689.859375,42618.56640625,42832.796875,44555.80078125,40030862141.0,44555.80078125,0.04062220829002827
581,2021-08-07,45282.3515625,43331.91015625,44574.4375,43798.1171875,36302664750.0,43798.1171875,-0.017005273846830926
582,2021-08-08,46456.83203125,42848.6875,43791.92578125,46365.40234375,38734079049.0,46365.40234375,0.058616336068955555
583,2021-08-09,46637.98828125,44705.5546875,46280.84765625,45585.03125,33546019517.0,45585.03125,-0.016830892309838696
584,2021-08-10,46735.6328125,45351.7109375,45599.703125,45593.63671875,34319709073.0,45593.63671875,0.00018877838873909702
585,2021-08-11,46228.91015625,43861.4453125,45576.87890625,44428.2890625,33723620826.0,44428.2890625,-0.02555943636254754
586,2021-08-12,47831.9765625,44282.41796875,44439.69140625,47793.3203125,31744259539.0,47793.3203125,0.07574073458615982
587,2021-08-13,48098.68359375,46177.6328125,47810.6875,47096.9453125,31211354442.0,47096.9453125,-0.01457055076832292
588,2021-08-14,47357.10546875,45579.58984375,47096.66796875,47047.00390625,30988958446.0,47047.00390625,-0.0010603958689597848
589,2021-08-15,47998.09765625,45700.3203125,47019.9609375,46004.484375,32776876610.0,46004.484375,-0.02215910567498447
590,2021-08-16,47139.5703125,44512.41796875,45936.45703125,44695.359375,33451362600.0,44695.359375,-0.028456465011732934
591,2021-08-17,45952.0625,44364.02734375,44686.75,44801.1875,32194123075.0,44801.1875,0.002367765389513554
592,2021-08-18,46970.76171875,43998.31640625,44741.8828125,46717.578125,37204312299.0,46717.578125,0.04277544261522093
593,2021-08-19,49342.15234375,46650.70703125,46723.12109375,49339.17578125,34706867452.0,49339.17578125,0.056115872471717454
594,2021-08-20,49717.01953125,48312.19921875,49327.07421875,48905.4921875,40585205312.0,48905.4921875,-0.008789842693618932
595,2021-08-21,49471.609375,48199.94140625,48869.10546875,49321.65234375,25370975378.0,49321.65234375,0.00850947690403503
596,2021-08-22,50482.078125,49074.60546875,49291.67578125,49546.1484375,34305053719.0,49546.1484375,0.004551674225862445
597,2021-08-23,49878.76953125,47687.1171875,49562.34765625,47706.1171875,35361168834.0,47706.1171875,-0.037137725293038826
598,2021-08-24,49202.87890625,47163.61328125,47727.2578125,48960.7890625,32646349931.0,48960.7890625,0.02630002081428562
599,2021-08-25,49347.58203125,46405.78125,49002.640625,46942.21875,32666549568.0,46942.21875,-0.04122830434622349
600,2021-08-26,49112.78515625,46394.28125,46894.5546875,49058.66796875,34511076995.0,49058.66796875,0.04508626296557394
601,2021-08-27,49283.50390625,48499.23828125,49072.5859375,48902.40234375,28568103401.0,48902.40234375,-0.003185280633781984
602,2021-08-28,49644.11328125,47925.85546875,48911.25,48829.83203125,25889650240.0,48829.83203125,-0.0014839825657210204
603,2021-08-29,48925.60546875,46950.2734375,48834.8515625,47054.984375,31847007016.0,47054.984375,-0.0363476092875793
604,2021-08-30,48189.55078125,46750.09375,47024.33984375,47166.6875,34730363427.0,47166.6875,0.0023738850726162664
605,2021-08-31,49111.08984375,46562.4375,47099.7734375,48847.02734375,39139399125.0,48847.02734375,0.03562556399047523
606,2021-09-01,50343.421875,48652.3203125,48807.84765625,49327.72265625,39508070319.0,49327.72265625,0.009840830417728652
607,2021-09-02,50982.2734375,48386.0859375,49288.25,50025.375,43206179619.0,50025.375,0.014143210068944922
608,2021-09-03,50545.58203125,49548.78125,50009.32421875,49944.625,37471327794.0,49944.625,-0.0016141808032423821
609,2021-09-04,51868.6796875,49538.59765625,49937.859375,51753.41015625,30322676319.0,51753.41015625,0.03621581213694158
610,2021-09-05,52700.94140625,51053.6796875,51769.00390625,52633.53515625,38884105426.0,52633.53515625,0.017006125728580734
611,2021-09-06,52853.765625,43285.20703125,52660.48046875,46811.12890625,65210059683.0,46811.12890625,-0.1106216071695616
612,2021-09-07,47334.0546875,44561.39453125,46827.76171875,46091.390625,49007762488.0,46091.390625,-0.015375366885328479
613,2021-09-08,47261.94921875,45669.73828125,45774.7421875,46391.421875,38672657013.0,46391.421875,0.006509485739778498
614,2021-09-09,47031.7421875,44344.484375,46396.6640625,44883.91015625,39154666597.0,44883.91015625,-0.032495484247323514
615,2021-09-10,45969.29296875,44818.265625,44869.83984375,45201.45703125,34499835245.0,45201.45703125,0.0070748487352050304
616,2021-09-11,46364.87890625,44790.4609375,45206.62890625,46063.26953125,27881980161.0,46063.26953125,0.019066033632592516
617,2021-09-12,46598.6796875,43591.3203125,46057.21484375,44963.07421875,40969943253.0,44963.07421875,-0.023884438158555232
618,2021-09-13,47218.125,44752.33203125,44960.05078125,47092.4921875,38652152880.0,47092.4921875,0.0473592610325122
619,2021-09-14,48450.46875,46773.328125,47098.0,48176.34765625,30484496466.0,48176.34765625,0.023015462091804384
620,2021-09-15,48486.828125,47079.55859375,48158.90625,47783.359375,31764293754.0,47783.359375,-0.008157286726135138
621,2021-09-16,48160.921875,46832.5234375,47771.00390625,47267.51953125,28727713711.0,47267.51953125,-0.010795386730801604
622,2021-09-17,48791.78125,47087.28515625,47273.52734375,48278.36328125,28575630451.0,48278.36328125,0.021385589090024082
623,2021-09-18,48328.3671875,46919.8046875,48268.85546875,47260.21875,26967722648.0,47260.21875,-0.021089044077959085
624,2021-09-19,47328.19921875,42598.9140625,47261.40625,42843.80078125,43909845642.0,42843.80078125,-0.09344895316951951
